id,nama,merk,kategori,type,harga,harga_diskon,deskripsi,jumlah_stok,jumlah_pieces_packing,satuan_packing,angka_produk_favorit,url_foto
PRD-001,Baut Hexagonal Baja Grade 8.8 M10 x 50mm,BautTech,Fastener & Baut,M10-50-HEX,125000,98000,"Baut hexagonal baja berkualitas tinggi grade 8.8 dengan lapisan anti karat galvanis. Cocok untuk konstruksi berat, mesin manufaktur, dan otomotif.",150,100,Kotak,35,https://images.unsplash.com/photo-1581092160607-ee22621dd758?w=800&auto=format&fit=crop&q=80
PRD-002,Kawat Las Inverter E6013 2.6mm Super Steel,Kobe Steel,Peralatan Las,RB-26-20KG,345000,310000,"Kawat las elektroda serbaguna dengan penetrasi halus, asap minim, dan terak mudah lepas. Ideal untuk baja karbon rendah dan fabrikasi umum.",85,20,Dus (4x5kg),36,https://images.unsplash.com/photo-1504307651254-35680f356dfd?w=800&auto=format&fit=crop&q=80
PRD-003,Mata Gerinda Potong Besi 4 Inch Ultra Slim 1.2mm,Rhodius Pro,Aksesoris Gerinda,XT38-105-1.2,280000,235000,"Batu potong tipis performa tinggi, hasil potongan presisi tanpa serpihan kasar dan panas berlebih. Awet dan tahan pecah.",240,50,Pack,37,https://images.unsplash.com/photo-1572981779307-38b8cabb2407?w=800&auto=format&fit=crop&q=80
PRD-004,Kunci Pas Ring Set 8-24mm Chrome Vanadium 14 Pcs,Tekiro Pro,Perkakas Tangan,WR-SE014,420000,,Set kunci pas ring kombinasi lengkap terbuat dari chrome vanadium tahan korosi dengan finishing satin mirror anti slip.,40,1,Set Kantong,38,https://images.unsplash.com/photo-1581244277943-fe4a9c777189?w=800&auto=format&fit=crop&q=80
PRD-005,Pipa Seamless Carbon Steel Sch 40 Diameter 2 Inch,Sumitomo,Pipa & Fitting,SCH40-2IN-6M,890000,810000,"Pipa seamless standar ASTM A106 Grade B panjang 6 meter. Mampu menahan tekanan tinggi pipa uap, minyak, dan fluida industri.",0,1,Batang 6M,39,https://images.unsplash.com/photo-1563986768609-322da13575f3?w=800&auto=format&fit=crop&q=80
PRD-006,Sarung Tangan Safety PU Coated Grip ESD Hitam,SafeGuard,Safety & APD,PU-BLK-L,165000,140000,Sarung tangan kerja elastis dengan telapak berlapis polyurethane untuk cengkeraman maksimal benda licin dan presisi perakitan.,500,12,Lusin,40,https://images.unsplash.com/photo-1584308666744-24d5c474f2ae?w=800&auto=format&fit=crop&q=80
PRD-007,Bearing Deep Groove Ball 6205-2RS C3 High Speed,SKF Original,Bearing & Seal,6205-2RS-C3,95000,82000,Laher putaran tinggi dengan tutup karet ganda pelindung debu dan gemuk sintetis tahan panas untuk dinamo dan gearbox.,310,10,Dus,,https://images.unsplash.com/photo-1618042164219-62c820f10723?w=800&auto=format&fit=crop&q=80
PRD-008,Seal Tape PTFE Tebal 0.1mm x 19mm x 15 Meter,Onda Star,Pipa & Fitting,ST-19-15M,85000,,"Isolasi kran pipa air dan gas anti bocor, elastis dan tahan terhadap tekanan suhu tinggi.",180,20,Kotak,,https://images.unsplash.com/photo-1589939705384-5185137a7f0f?w=800&auto=format&fit=crop&q=80
PRD-009,Cat Semprot Anti Karat Zinc Galvanize Spray 400ml,RustShield,Kimia Industri & Cat,GALV-400ML,110000,92000,Lapisan perlindungan katodik dingin mengandung 95% seng murni untuk perbaikan sambungan las dan struktur baja terbuka.,90,12,Karton,,https://images.unsplash.com/photo-1562259949-e8e7689d7828?w=800&auto=format&fit=crop&q=80
PRD-010,Lem Epoxy Adhesive 2 Komponen Super Kuat 5 Menit,Dextone Pro,Kimia Industri & Cat,EPX-5MIN-48G,215000,185000,"Perekat serbaguna untuk metal, keramik, kayu, dan plastik keras. Tahan getaran, benturan, dan air.",120,12,Display Box,,https://images.unsplash.com/photo-1584824486509-112e4181ff6b?w=800&auto=format&fit=crop&q=80
PRD-011,Helm Proyek Keselamatan Putih V-Gard Suspension Fastrac,MSA Safety,Safety & APD,VGARD-WHT-SL,195000,,"Helm standar ANSI Z89.1 Type 1 Class E, material polietilen densitas tinggi dengan sistem pengencang putar instan.",65,1,Unit,,https://images.unsplash.com/photo-1508873696983-2df5293cb32b?w=800&auto=format&fit=crop&q=80
PRD-012,Kabel Tali Seling Baja Galvanis 8mm 6x19 IWRC 100M,PowerRope,Fastener & Baut,WR-8MM-100M,1850000,1690000,"Tali kawat baja galvanis dengan inti baja independen (IWRC) untuk hoist, crane, sling angkat, dan rigging.",0,1,Rol 100 Meter,,https://images.unsplash.com/photo-1541888946425-d0fbb18086f6?w=800&auto=format&fit=crop&q=80
PRD-013,Regulator Las Oksigen High Pressure Heavy Duty,Yamato Japan,Peralatan Las,OXY-REG-HD,480000,430000,Pengatur tekanan gas oksigen presisi dengan double pressure gauge dari kuningan tempa tahan banting.,35,1,Kotak,,https://images.unsplash.com/photo-1581092335397-9583fe92d232?w=800&auto=format&fit=crop&q=80
PRD-014,Mata Bor Besi HSS Titanium Coated Set 13 Pcs (1.5-6.5mm),Makita Pro,Perkakas Tangan,D-09949,210000,175000,"Mata bor putar baja kecepatan tinggi (HSS) berlapis titanium nitrida untuk pengeboran stainless steel, besi, dan aluminium.",140,1,Kotak Plastik,,https://images.unsplash.com/photo-1504148455328-c376907d081c?w=800&auto=format&fit=crop&q=80
PRD-015,Kacamata Safety Clear Anti Gores & Anti Embun UV400,3M Safety,Safety & APD,SecureFit-SF401,75000,62000,"Kacamata pelindung mata dengan teknologi penyebaran tekanan tangkai elastis, lensa polikarbonat jernih tahan benturan.",220,20,Box,,https://images.unsplash.com/photo-1584308666744-24d5c474f2ae?w=800&auto=format&fit=crop&q=80
PRD-016,Flange Carbon Steel ANSI 150# Weld Neck 2 Inch,Metalfar,Pipa & Fitting,FLG-WN-150-2,295000,,Flensa sambungan las pipa baja standar ANSI B16.5 rating tekanan 150 lbs tahan temperatur dan getaran pipa industri.,75,4,Dus,,https://images.unsplash.com/photo-1563986768609-322da13575f3?w=800&auto=format&fit=crop&q=80
,T Arde 3 Cabang T-106,Tofuda,STEkER DAN STOP KONTAK,Steker T,14500,,.,24,12,Kotak,1,https://res.cloudinary.com/oogpsevj/image/upload/v1787544214/T106.png
,T Datar 4 Cabang T-106DT,Tofuda,STEkER DAN STOP KONTAK,Steker T,11000,,.,24,12,Kotak,2,https://res.cloudinary.com/oogpsevj/image/upload/v1787547436/T106dt.png
,T Arde Colokan + USB T-106AU,Tofuda,STEkER DAN STOP KONTAK,Steker T,28000,,.,24,12,Kotak,3,https://res.cloudinary.com/oogpsevj/image/upload/v1787547459/T106au.png
,T Multi 3 Cabang T-107,Tofuda,STEkER DAN STOP KONTAK,Steker T,4500,,.,24,24,Kotak,4,https://res.cloudinary.com/oogpsevj/image/upload/v1787547489/T107.png
,T Datar Switch 4 Cabang T-106DTS,Tofuda,STEkER DAN STOP KONTAK,Steker T,13000,,.,24,12,Kotak,5,https://res.cloudinary.com/oogpsevj/image/upload/v1787547529/T106dts.png
,T Arde 3 Cabang Saklar T-106S,Tofuda,STEkER DAN STOP KONTAK,Steker T,22500,,.,24,12,Kotak,6,https://res.cloudinary.com/oogpsevj/image/upload/v1787547550/T106s.png
,T Multi 3 dengan Lampu LED T-107LP,Tofuda,STEkER DAN STOP KONTAK,Steker T,5000,,.,24,24,Kotak,7,https://res.cloudinary.com/oogpsevj/image/upload/v1787547838/T107lp.png
,Over Steker T-108,Tofuda,STEkER DAN STOP KONTAK,Over Steker,5300,,.,24,24,Kotak,8,https://res.cloudinary.com/oogpsevj/image/upload/v1787547838/T108.png
,Over Steker Saklar On Off 108SKW,Tofuda,STEkER DAN STOP KONTAK,Over Steker,8500,,.,24,24,Kotak,9,https://res.cloudinary.com/oogpsevj/image/upload/v1787547836/108skw.png
,Over Internasional T-011,Tofuda,STEkER DAN STOP KONTAK,Over Steker,25500,,.,10,1,Kotak,10,https://res.cloudinary.com/oogpsevj/image/upload/v1787547837/T011.png
,T Serbaguna Kaki 2 T-110,Tofuda,STEkER DAN STOP KONTAK,Steker T,9300,,.,24,12,Kotak,11,https://res.cloudinary.com/oogpsevj/image/upload/v1787547836/T110.png
,T Serbaguna T-110 Pluton,Tofuda,STEkER DAN STOP KONTAK,Steker T,18500,,.,24,12,Kotak,12,https://res.cloudinary.com/oogpsevj/image/upload/v1787547836/T110pluton.png
,Steker Arde Oval 201A,Tofuda,STEkER DAN STOP KONTAK,Steker,4300,,.,20,20,Kotak,13,https://res.cloudinary.com/oogpsevj/image/upload/v1787547836/201a.png
,Steker Arde 201 Proteus,Tofuda,STEkER DAN STOP KONTAK,Steker,4000,,.,20,20,Kotak,14,https://res.cloudinary.com/oogpsevj/image/upload/v1787548870/proteus.png
,Steker Lampu LED Saklar T-203,Tofuda,STEkER DAN STOP KONTAK,Steker,11200,,.,24,24,Kotak,15,https://res.cloudinary.com/oogpsevj/image/upload/v1787547836/T203.png
,Steker Arde Cabut 201C,Tofuda,STEkER DAN STOP KONTAK,Steker,4500,,.,20,20,Kotak,16,https://res.cloudinary.com/oogpsevj/image/upload/v1787547837/T201c.png
,Kontra Arde  T-201KTR,Tofuda,STEkER DAN STOP KONTAK,Kontra,5200,,.,20,20,Kotak,17,https://res.cloudinary.com/oogpsevj/image/upload/v1787547837/T201ktr.png
,Steker Lampu Saklar classic  203C,Tofuda,STEkER DAN STOP KONTAK,Steker,9000,,.,24,12,Kotak,18,https://res.cloudinary.com/oogpsevj/image/upload/v1787547837/203c.png
,Steker Saklar Lampu Merah T-203SK,Tofuda,STEkER DAN STOP KONTAK,Steker,9500,,.,24,24,Kotak,19,https://res.cloudinary.com/oogpsevj/image/upload/v1787547836/T203sk.png
,Steker Gepeng T-205 Neso Hitam/Putih,Tofuda,STEkER DAN STOP KONTAK,Steker,2500,,.,48,48,Kotak,20,https://res.cloudinary.com/oogpsevj/image/upload/v1787547835/T205neso.png
,Fitting Kombinasi Bakelite T-208 Hitam/Putih,Tofuda,SAKLAR DAN FITTING,Fitting,7000,,.,24,24,pcs,,https://res.cloudinary.com/jxqapzzv/image/upload/v1787629369/pngkey.com-under-construction-comingsoon.png
,Steker Gepeng T-205,Tofuda,STEkER DAN STOP KONTAK,Steker,2500,,.,48,48,pcs,,https://res.cloudinary.com/jxqapzzv/image/upload/v1787629369/pngkey.com-under-construction-comingsoon.png
,Kontra Gepeng T-205KG,Tofuda,STEkER DAN STOP KONTAK,Kontra,2200,,.,48,48,pcs,,https://res.cloudinary.com/jxqapzzv/image/upload/v1787629369/pngkey.com-under-construction-comingsoon.png
,Fitting Gantung Kombinasi Bakelite T-210 Hitam/Cream,Tofuda,SAKLAR DAN FITTING,Fitting,7300,,.,24,24,pcs,,https://res.cloudinary.com/jxqapzzv/image/upload/v1787629369/pngkey.com-under-construction-comingsoon.png
,Fitting Gantung Bakelite T-211,Tofuda,SAKLAR DAN FITTING,Fitting,4000,,.,24,24,pcs,,https://res.cloudinary.com/jxqapzzv/image/upload/v1787629369/pngkey.com-under-construction-comingsoon.png
,Fitting Gantung Bakelite T-216,Tofuda,SAKLAR DAN FITTING,Fitting,4000,,.,24,24,pcs,,https://res.cloudinary.com/jxqapzzv/image/upload/v1787629369/pngkey.com-under-construction-comingsoon.png
,Fitting WD keramik E27 T-318,Tofuda,SAKLAR DAN FITTING,Fitting,8000,,.,10,1,pcs,,https://res.cloudinary.com/jxqapzzv/image/upload/v1787629369/pngkey.com-under-construction-comingsoon.png
,Fitting Gantung Bakelite T-213,Tofuda,SAKLAR DAN FITTING,Fitting,2500,,.,50,50,pcs,,https://res.cloudinary.com/jxqapzzv/image/upload/v1787629369/pngkey.com-under-construction-comingsoon.png
,Fitting Gantung Jumbo Bakelite T-035,Tofuda,SAKLAR DAN FITTING,Fitting,4000,,.,12,12,pcs,,https://res.cloudinary.com/jxqapzzv/image/upload/v1787629369/pngkey.com-under-construction-comingsoon.png
,Fitting Plafon T-256 TFD,Tofuda,SAKLAR DAN FITTING,Fitting,7000,,.,10,1,pcs,21,https://res.cloudinary.com/jxqapzzv/image/upload/v1787629369/pngkey.com-under-construction-comingsoon.png
,Fitting Plafon T-613,Tofuda,SAKLAR DAN FITTING,Fitting,2900,,.,24,24,pcs,22,https://res.cloudinary.com/jxqapzzv/image/upload/v1787629369/pngkey.com-under-construction-comingsoon.png
,Fitting Plafon T-258,Tofuda,SAKLAR DAN FITTING,Fitting,5000,,.,12,12,pcs,23,https://res.cloudinary.com/jxqapzzv/image/upload/v1787629369/pngkey.com-under-construction-comingsoon.png
,Fitting Plafon Ukir Oval Anti Api T-685,Tofuda,SAKLAR DAN FITTING,Fitting,4600,,.,24,24,pcs,24,https://res.cloudinary.com/jxqapzzv/image/upload/v1787629369/pngkey.com-under-construction-comingsoon.png
,Fitting Plafon Ukir Segi Anti Api T-686,Tofuda,SAKLAR DAN FITTING,Fitting,4600,,.,24,24,pcs,25,https://res.cloudinary.com/jxqapzzv/image/upload/v1787629369/pngkey.com-under-construction-comingsoon.png
,Fitting Plafon Ukir Bulat Anti Api T-687,Tofuda,SAKLAR DAN FITTING,Fitting,4600,,.,24,24,pcs,26,https://res.cloudinary.com/jxqapzzv/image/upload/v1787629369/pngkey.com-under-construction-comingsoon.png
,Fitting Plafon T-998 Hijau/Pink/Biru/Abu2,Tofuda,SAKLAR DAN FITTING,Fitting,7800,,.,12,12,pcs,27,https://res.cloudinary.com/jxqapzzv/image/upload/v1787629369/pngkey.com-under-construction-comingsoon.png
,Fitting Plafon T-1188,Tofuda,SAKLAR DAN FITTING,Fitting,5000,,.,12,12,pcs,28,https://res.cloudinary.com/jxqapzzv/image/upload/v1787629369/pngkey.com-under-construction-comingsoon.png
,Fitting Plafon Bunga T-1166,Tofuda,SAKLAR DAN FITTING,Fitting,5200,,.,12,12,pcs,29,https://res.cloudinary.com/jxqapzzv/image/upload/v1787629369/pngkey.com-under-construction-comingsoon.png
,Fitting Plafon T-1199A,Tofuda,SAKLAR DAN FITTING,Fitting,11200,,.,12,12,pcs,30,https://res.cloudinary.com/jxqapzzv/image/upload/v1787629369/pngkey.com-under-construction-comingsoon.png
,Fitting Plafon T-1199C,Tofuda,SAKLAR DAN FITTING,Fitting,11200,,.,12,12,pcs,31,https://res.cloudinary.com/jxqapzzv/image/upload/v1787629369/pngkey.com-under-construction-comingsoon.png
,Fitting Plafon T-1199B,Tofuda,SAKLAR DAN FITTING,Fitting,11200,,.,12,12,pcs,32,https://res.cloudinary.com/jxqapzzv/image/upload/v1787629369/pngkey.com-under-construction-comingsoon.png
,Fitting Plafon T-1199D,Tofuda,SAKLAR DAN FITTING,Fitting,11200,,.,12,12,pcs,33,https://res.cloudinary.com/jxqapzzv/image/upload/v1787629369/pngkey.com-under-construction-comingsoon.png
,Fitting Plafon T-1199E,Tofuda,SAKLAR DAN FITTING,Fitting,11200,,.,12,12,pcs,34,https://res.cloudinary.com/jxqapzzv/image/upload/v1787629369/pngkey.com-under-construction-comingsoon.png
,Fitting Plafon T-1199F,Tofuda,SAKLAR DAN FITTING,Fitting,11200,,.,12,12,pcs,,https://res.cloudinary.com/jxqapzzv/image/upload/v1787629369/pngkey.com-under-construction-comingsoon.png
,Fitting Plafon Bakelite Segi 4 TS-01,Tofuda,SAKLAR DAN FITTING,Fitting,4200,,.,12,12,pcs,,https://res.cloudinary.com/jxqapzzv/image/upload/v1787629369/pngkey.com-under-construction-comingsoon.png
,Fitting Plafon Bakelite Oval TS-02,Tofuda,SAKLAR DAN FITTING,Fitting,4200,,.,12,12,pcs,,https://res.cloudinary.com/jxqapzzv/image/upload/v1787629369/pngkey.com-under-construction-comingsoon.png
,Fitting Plafon Bakelite Segi 8 TS-03,Tofuda,SAKLAR DAN FITTING,Fitting,4200,,.,12,12,pcs,,https://res.cloudinary.com/jxqapzzv/image/upload/v1787629369/pngkey.com-under-construction-comingsoon.png
,Fitting Plafon Oval TP-01,Tofuda,SAKLAR DAN FITTING,Fitting,3200,,.,24,24,pcs,,https://res.cloudinary.com/jxqapzzv/image/upload/v1787629369/pngkey.com-under-construction-comingsoon.png
,Fitting Plafon Segi 4 TP-02,Tofuda,SAKLAR DAN FITTING,Fitting,3200,,.,24,24,pcs,,https://res.cloudinary.com/jxqapzzv/image/upload/v1787629369/pngkey.com-under-construction-comingsoon.png
,Fitting Plafon Segi 8 TP-03,Tofuda,SAKLAR DAN FITTING,Fitting,3200,,.,24,24,pcs,,https://res.cloudinary.com/jxqapzzv/image/upload/v1787629369/pngkey.com-under-construction-comingsoon.png
,Fitting Colok Switch L T-168 Hitam/Putih,Tofuda,SAKLAR DAN FITTING,Fitting Colok,7000,,.,36,36,pcs,,https://res.cloudinary.com/jxqapzzv/image/upload/v1787629369/pngkey.com-under-construction-comingsoon.png
,Fitting Colok T-322 Hitam/Putih,Tofuda,SAKLAR DAN FITTING,Fitting Colok,3200,,.,12,12,pcs,,https://res.cloudinary.com/jxqapzzv/image/upload/v1787629369/pngkey.com-under-construction-comingsoon.png
,Fitting Jerman Bakelite E14,Tofuda,SAKLAR DAN FITTING,Fitting Jerman,7500,,.,25,20,pcs,,https://res.cloudinary.com/jxqapzzv/image/upload/v1787629369/pngkey.com-under-construction-comingsoon.png
,Fitting Jerman Bakelite E27,Tofuda,SAKLAR DAN FITTING,Fitting Jerman,8000,,.,20,20,pcs,,https://res.cloudinary.com/jxqapzzv/image/upload/v1787629369/pngkey.com-under-construction-comingsoon.png
,Fitting Label + Topi 5Y,Tofuda,SAKLAR DAN FITTING,Fitting Kabel,18000,,.,120,120,pcs,,https://res.cloudinary.com/jxqapzzv/image/upload/v1787629369/pngkey.com-under-construction-comingsoon.png
,Fitting Label + Topi 10Y,Tofuda,SAKLAR DAN FITTING,Fitting Kabel,25000,,.,120,120,pcs,,https://res.cloudinary.com/jxqapzzv/image/upload/v1787629369/pngkey.com-under-construction-comingsoon.png
,Fitting Kabel Outdoor 5M 1F Anti Air,Tofuda,SAKLAR DAN FITTING,Fitting Kabel,16500,,.,240,240,pcs,,https://res.cloudinary.com/jxqapzzv/image/upload/v1787629369/pngkey.com-under-construction-comingsoon.png
,Fitting Kabel Outdoor 10M 10F Anti Air,Tofuda,SAKLAR DAN FITTING,Fitting Kabel,115000,,.,20,20,pcs,,https://res.cloudinary.com/jxqapzzv/image/upload/v1787629369/pngkey.com-under-construction-comingsoon.png
,Fitting Kabel Outdoor 10M 20F Anti Air,Tofuda,SAKLAR DAN FITTING,Fitting Kabel,185000,,.,20,20,pcs,,https://res.cloudinary.com/jxqapzzv/image/upload/v1787629369/pngkey.com-under-construction-comingsoon.png
,Fitting Flexible 20cm T-702,Tofuda,SAKLAR DAN FITTING,Fitting Kabel,14700,,.,300,300,pcs,,https://res.cloudinary.com/jxqapzzv/image/upload/v1787629369/pngkey.com-under-construction-comingsoon.png
,Fitting Jepit 30cm T-718,Tofuda,SAKLAR DAN FITTING,Fitting Kabel,38000,,.,150,150,pcs,,https://res.cloudinary.com/jxqapzzv/image/upload/v1787629369/pngkey.com-under-construction-comingsoon.png
,Fitting Sensor E27 T-688,Tofuda,SAKLAR DAN FITTING,Fitting Kabel,29500,,.,10,1,pcs,,https://res.cloudinary.com/jxqapzzv/image/upload/v1787629369/pngkey.com-under-construction-comingsoon.png
,Engkel Piano T-101,Tofuda,SAKLAR DAN FITTING,Saklar Engkel,3500,,.,24,24,pcs,,https://res.cloudinary.com/jxqapzzv/image/upload/v1787629369/pngkey.com-under-construction-comingsoon.png
,Engkel Piano T-102 Radium,Tofuda,SAKLAR DAN FITTING,Saklar Engkel,3700,,.,24,24,pcs,,https://res.cloudinary.com/jxqapzzv/image/upload/v1787629369/pngkey.com-under-construction-comingsoon.png
,Saklar Gantung Orion T-9 Hitam/Putih,Tofuda,SAKLAR DAN FITTING,Saklar Engkel,2700,,.,24,24,pcs,,https://res.cloudinary.com/jxqapzzv/image/upload/v1787629369/pngkey.com-under-construction-comingsoon.png
,Saklar Gantung Jumbo A-9 Hitam/Putih,Tofuda,SAKLAR DAN FITTING,Saklar Engkel,2700,,.,50,50,pcs,,https://res.cloudinary.com/jxqapzzv/image/upload/v1787629369/pngkey.com-under-construction-comingsoon.png
,Stop Kontak Arde 501A,Tofuda,STEkER DAN STOP KONTAK,Stop Kontak,7800,,.,24,24,pcs,,https://res.cloudinary.com/jxqapzzv/image/upload/v1787629369/pngkey.com-under-construction-comingsoon.png
,Stop Kontak Arde 502A,Tofuda,STEkER DAN STOP KONTAK,Stop Kontak,9500,,.,24,24,pcs,,https://res.cloudinary.com/jxqapzzv/image/upload/v1787629369/pngkey.com-under-construction-comingsoon.png
,Stop Kontak Arde 503A,Tofuda,STEkER DAN STOP KONTAK,Stop Kontak,11800,,.,12,12,pcs,,https://res.cloudinary.com/jxqapzzv/image/upload/v1787629369/pngkey.com-under-construction-comingsoon.png
,Stop Kontak Arde 504A,Tofuda,STEkER DAN STOP KONTAK,Stop Kontak,14000,,.,12,12,pcs,,https://res.cloudinary.com/jxqapzzv/image/upload/v1787629369/pngkey.com-under-construction-comingsoon.png
,Stop Kontak Arde 505A,Tofuda,STEkER DAN STOP KONTAK,Stop Kontak,16200,,.,8,8,pcs,,https://res.cloudinary.com/jxqapzzv/image/upload/v1787629369/pngkey.com-under-construction-comingsoon.png
,Stop Kontak Gepeng 502GP,Tofuda,STEkER DAN STOP KONTAK,Stop Kontak,6000,,.,24,24,pcs,,https://res.cloudinary.com/jxqapzzv/image/upload/v1787629369/pngkey.com-under-construction-comingsoon.png
,Stop Kontak Gepeng 503GP,Tofuda,STEkER DAN STOP KONTAK,Stop Kontak,8000,,.,12,12,pcs,,https://res.cloudinary.com/jxqapzzv/image/upload/v1787629369/pngkey.com-under-construction-comingsoon.png
,Stop Kontak Gepeng 504GP,Tofuda,STEkER DAN STOP KONTAK,Stop Kontak,9700,,.,12,12,pcs,,https://res.cloudinary.com/jxqapzzv/image/upload/v1787629369/pngkey.com-under-construction-comingsoon.png
,Stop Kontak Gepeng 505GP,Tofuda,STEkER DAN STOP KONTAK,Stop Kontak,11000,,.,12,12,pcs,,https://res.cloudinary.com/jxqapzzv/image/upload/v1787629369/pngkey.com-under-construction-comingsoon.png
,Stop Kontak Arde Saklar T-502SA Omega,Tofuda,STEkER DAN STOP KONTAK,Stop Kontak,18000,,.,10,10,pcs,,https://res.cloudinary.com/jxqapzzv/image/upload/v1787629369/pngkey.com-under-construction-comingsoon.png
,Stop Kontak Arde Saklar T-503SA Omega,Tofuda,STEkER DAN STOP KONTAK,Stop Kontak,20500,,.,12,12,pcs,,https://res.cloudinary.com/jxqapzzv/image/upload/v1787629369/pngkey.com-under-construction-comingsoon.png
,Stop Kontak Arde Saklar T-504SA Omega,Tofuda,STEkER DAN STOP KONTAK,Stop Kontak,23000,,.,8,8,pcs,,https://res.cloudinary.com/jxqapzzv/image/upload/v1787629369/pngkey.com-under-construction-comingsoon.png
,Stop Kontak Arde Saklar T-505SA Omega,Tofuda,STEkER DAN STOP KONTAK,Stop Kontak,25500,,.,8,8,pcs,,https://res.cloudinary.com/jxqapzzv/image/upload/v1787629369/pngkey.com-under-construction-comingsoon.png
,Stop Kontak 3M 3Lubang T-8803 Cream,Tofuda,STEkER DAN STOP KONTAK,Stop Kontak Kabel,23500,,.,48,1,pcs,,https://res.cloudinary.com/jxqapzzv/image/upload/v1787629369/pngkey.com-under-construction-comingsoon.png
,Stop Kontak 3M 4Lubang T-8804 Cream,Tofuda,STEkER DAN STOP KONTAK,Stop Kontak Kabel,25500,,.,48,1,pcs,,https://res.cloudinary.com/jxqapzzv/image/upload/v1787629369/pngkey.com-under-construction-comingsoon.png
,Stop Kontak 3M 5Lubang T-8805 Cream,Tofuda,STEkER DAN STOP KONTAK,Stop Kontak Kabel,26800,,.,48,1,pcs,,https://res.cloudinary.com/jxqapzzv/image/upload/v1787629369/pngkey.com-under-construction-comingsoon.png
,Stop Kontak 3M 3Lubang T-8803 Hitam,Tofuda,STEkER DAN STOP KONTAK,Stop Kontak Kabel,23500,,.,48,1,pcs,,https://res.cloudinary.com/jxqapzzv/image/upload/v1787629369/pngkey.com-under-construction-comingsoon.png
,Stop Kontak 3M 4Lubang T-8804 Hitam,Tofuda,STEkER DAN STOP KONTAK,Stop Kontak Kabel,25500,,.,48,1,pcs,,https://res.cloudinary.com/jxqapzzv/image/upload/v1787629369/pngkey.com-under-construction-comingsoon.png
,Stop Kontak 3M 5Lubang T-8805 Hitam,Tofuda,STEkER DAN STOP KONTAK,Stop Kontak Kabel,26800,,.,48,1,pcs,,https://res.cloudinary.com/jxqapzzv/image/upload/v1787629369/pngkey.com-under-construction-comingsoon.png
,Stop Kontak 5M 3Lubang T-8803 Cream,Tofuda,STEkER DAN STOP KONTAK,Stop Kontak Kabel,27500,,.,48,1,pcs,,https://res.cloudinary.com/jxqapzzv/image/upload/v1787629369/pngkey.com-under-construction-comingsoon.png
,Stop Kontak 5M 4Lubang T-8804 Cream,Tofuda,STEkER DAN STOP KONTAK,Stop Kontak Kabel,28800,,.,48,1,pcs,,https://res.cloudinary.com/jxqapzzv/image/upload/v1787629369/pngkey.com-under-construction-comingsoon.png
,Stop Kontak 5M 5Lubang T-8805 Cream,Tofuda,STEkER DAN STOP KONTAK,Stop Kontak Kabel,29900,,.,48,1,pcs,,https://res.cloudinary.com/jxqapzzv/image/upload/v1787629369/pngkey.com-under-construction-comingsoon.png
,Stop Kontak 5M 3Lubang T-8803 Hitam,Tofuda,STEkER DAN STOP KONTAK,Stop Kontak Kabel,27500,,.,48,1,pcs,,https://res.cloudinary.com/jxqapzzv/image/upload/v1787629369/pngkey.com-under-construction-comingsoon.png
,Stop Kontak 5M 4Lubang T-8804 Hitam,Tofuda,STEkER DAN STOP KONTAK,Stop Kontak Kabel,28800,,.,48,1,pcs,,https://res.cloudinary.com/jxqapzzv/image/upload/v1787629369/pngkey.com-under-construction-comingsoon.png
,Stop Kontak 5M 5Lubang T-8805 Hitam,Tofuda,STEkER DAN STOP KONTAK,Stop Kontak Kabel,29900,,.,48,1,pcs,,https://res.cloudinary.com/jxqapzzv/image/upload/v1787629369/pngkey.com-under-construction-comingsoon.png
,Box Kabel 7661 10M,Tofuda,Kabel Dan Box Kabel,Box Kabel,85000,,.,12,1,pcs,,https://res.cloudinary.com/jxqapzzv/image/upload/v1787629369/pngkey.com-under-construction-comingsoon.png
,Box Kabel 7661 15M,Tofuda,Kabel Dan Box Kabel,Box Kabel,106000,,.,12,1,pcs,,https://res.cloudinary.com/jxqapzzv/image/upload/v1787629369/pngkey.com-under-construction-comingsoon.png
,OB Engkel Radium T-801R,Tofuda,SAKLAR DAN FITTING,Engkel OB,6600,,.,12,12,pcs,,https://res.cloudinary.com/jxqapzzv/image/upload/v1787629369/pngkey.com-under-construction-comingsoon.png
,OB Seri Radium T-802R,Tofuda,SAKLAR DAN FITTING,Seri OB,8300,,.,12,12,pcs,,https://res.cloudinary.com/jxqapzzv/image/upload/v1787629369/pngkey.com-under-construction-comingsoon.png
,OB Engkel Stop Radium T-803R,Tofuda,SAKLAR DAN FITTING,Engkel Stop OB,8300,,.,12,12,pcs,,https://res.cloudinary.com/jxqapzzv/image/upload/v1787629369/pngkey.com-under-construction-comingsoon.png
,OB Stop Radium T-805R,Tofuda,SAKLAR DAN FITTING,Stop OB,7600,,.,12,12,pcs,,https://res.cloudinary.com/jxqapzzv/image/upload/v1787629369/pngkey.com-under-construction-comingsoon.png
,OB Engkel T-801,Tofuda,SAKLAR DAN FITTING,Engkel OB,5000,,.,12,12,pcs,,https://res.cloudinary.com/jxqapzzv/image/upload/v1787629369/pngkey.com-under-construction-comingsoon.png
,OB Seri T-802,Tofuda,SAKLAR DAN FITTING,Seri OB,6500,,.,12,12,pcs,,https://res.cloudinary.com/jxqapzzv/image/upload/v1787629369/pngkey.com-under-construction-comingsoon.png
,OB Engkel Stop T-803,Tofuda,SAKLAR DAN FITTING,Engkel Stop OB,6600,,.,12,12,pcs,,https://res.cloudinary.com/jxqapzzv/image/upload/v1787629369/pngkey.com-under-construction-comingsoon.png
,OB Stop T-805,Tofuda,SAKLAR DAN FITTING,Stop OB,6500,,.,12,12,pcs,,https://res.cloudinary.com/jxqapzzv/image/upload/v1787629369/pngkey.com-under-construction-comingsoon.png
,IB Engkel Radium T-801RT,Tofuda,SAKLAR DAN FITTING,Engkel IB,10000,,.,12,12,pcs,,https://res.cloudinary.com/jxqapzzv/image/upload/v1787629369/pngkey.com-under-construction-comingsoon.png
,IB Seri Radium T-802RT,Tofuda,SAKLAR DAN FITTING,Seri IB,13200,,.,12,12,pcs,,https://res.cloudinary.com/jxqapzzv/image/upload/v1787629369/pngkey.com-under-construction-comingsoon.png
,IB TripleRadium T-803RT,Tofuda,SAKLAR DAN FITTING,Triple IB,16700,,.,12,12,pcs,,https://res.cloudinary.com/jxqapzzv/image/upload/v1787629369/pngkey.com-under-construction-comingsoon.png
,IB Stop Radium T-804RT,Tofuda,SAKLAR DAN FITTING,Stop IB,13200,,.,12,12,pcs,,https://res.cloudinary.com/jxqapzzv/image/upload/v1787629369/pngkey.com-under-construction-comingsoon.png
,IB Engkel Stop Radium T-805RT,Tofuda,SAKLAR DAN FITTING,Engkel Stop IB,16500,,.,12,12,pcs,,https://res.cloudinary.com/jxqapzzv/image/upload/v1787629369/pngkey.com-under-construction-comingsoon.png
,IB Engkel Bakelite T-801,Tofuda,SAKLAR DAN FITTING,Engkel IB,5000,,.,12,12,pcs,,https://res.cloudinary.com/jxqapzzv/image/upload/v1787629369/pngkey.com-under-construction-comingsoon.png
,IB Seri Bakelite T-802,Tofuda,SAKLAR DAN FITTING,Seri IB,6400,,.,12,12,pcs,,https://res.cloudinary.com/jxqapzzv/image/upload/v1787629369/pngkey.com-under-construction-comingsoon.png
,IB Engkel Stop Bakelite T-803,Tofuda,SAKLAR DAN FITTING,Engkel Stop IB,6800,,.,12,12,pcs,,https://res.cloudinary.com/jxqapzzv/image/upload/v1787629369/pngkey.com-under-construction-comingsoon.png
,IB StopBakelite T-805,Tofuda,SAKLAR DAN FITTING,Stop IB,6500,,.,12,12,pcs,,https://res.cloudinary.com/jxqapzzv/image/upload/v1787629369/pngkey.com-under-construction-comingsoon.png
,IB Stop Arde Bakelite T-807,Tofuda,SAKLAR DAN FITTING,Engkel Stop IB,8700,,.,12,12,pcs,,https://res.cloudinary.com/jxqapzzv/image/upload/v1787629369/pngkey.com-under-construction-comingsoon.png
,Cam Starter 15A I O II GZ 15A,Tofuda,SAKLAR DAN FITTING,Starter,32500,,.,10,1,pcs,,https://res.cloudinary.com/jxqapzzv/image/upload/v1787629369/pngkey.com-under-construction-comingsoon.png
,Cam Starter 30A I O II GZ 30A,Tofuda,SAKLAR DAN FITTING,Starter,54000,,.,10,1,pcs,,https://res.cloudinary.com/jxqapzzv/image/upload/v1787629369/pngkey.com-under-construction-comingsoon.png
,Box MCB 2 Grup Terminal Kuningan T-702,Tofuda,MCB DAN BOX MCB,Box Mcb,11500,,.,10,1,pcs,,https://res.cloudinary.com/jxqapzzv/image/upload/v1787629369/pngkey.com-under-construction-comingsoon.png
,Box MCB 2 Grup Terminal Kuningan T-702,Tofuda,MCB DAN BOX MCB,Box Mcb,16700,,.,10,1,pcs,,https://res.cloudinary.com/jxqapzzv/image/upload/v1787629369/pngkey.com-under-construction-comingsoon.png
,Testpan Kuning Bolak Balik Kecil T-8012,Tofuda,PERKAKAS LISTRIK,Testpen,3000,,.,20,20,pcs,,https://res.cloudinary.com/jxqapzzv/image/upload/v1787629369/pngkey.com-under-construction-comingsoon.png
,Testpan Kuning Bolak Balik Sedang T-8016,Tofuda,PERKAKAS LISTRIK,Testpen,4800,,.,12,12,pcs,,https://res.cloudinary.com/jxqapzzv/image/upload/v1787629369/pngkey.com-under-construction-comingsoon.png
,Testpan Kuning Bolak Balik Besar T-8018,Tofuda,PERKAKAS LISTRIK,Testpen,6600,,.,12,12,pcs,,https://res.cloudinary.com/jxqapzzv/image/upload/v1787629369/pngkey.com-under-construction-comingsoon.png
,Testpen Jumbo Bolak Balik T-5566,Tofuda,PERKAKAS LISTRIK,Testpen,12800,,.,12,12,pcs,,https://res.cloudinary.com/jxqapzzv/image/upload/v1787629369/pngkey.com-under-construction-comingsoon.png
,Testpen Magnet Bolak Balik T-5577,Tofuda,PERKAKAS LISTRIK,Testpen,7400,,.,12,12,pcs,,https://res.cloudinary.com/jxqapzzv/image/upload/v1787629369/pngkey.com-under-construction-comingsoon.png
,Testpen Magnet Bolak Balik T-5588,Tofuda,PERKAKAS LISTRIK,Testpen,7400,,.,12,12,pcs,,https://res.cloudinary.com/jxqapzzv/image/upload/v1787629369/pngkey.com-under-construction-comingsoon.png
,Testpen Warna Bolak Balik T-1687,Tofuda,PERKAKAS LISTRIK,Testpen,5000,,.,20,20,pcs,,https://res.cloudinary.com/jxqapzzv/image/upload/v1787629369/pngkey.com-under-construction-comingsoon.png
,Testpen Gantung T-17150 ,Tofuda,PERKAKAS LISTRIK,Testpen,3400,,.,24,24,pcs,,https://res.cloudinary.com/jxqapzzv/image/upload/v1787629369/pngkey.com-under-construction-comingsoon.png
,Testpen DC 80w H,Tofuda,PERKAKAS LISTRIK,Testpen,8500,,.,60,60,pcs,,https://res.cloudinary.com/jxqapzzv/image/upload/v1787629369/pngkey.com-under-construction-comingsoon.png
,Obeng Amerika Bolak Balik T-5599A Grid,Tofuda,PERKAKAS LISTRIK,Obeng,8900,,.,12,12,pcs,,https://res.cloudinary.com/jxqapzzv/image/upload/v1787629369/pngkey.com-under-construction-comingsoon.png
,Obeng Amerika Bolak Balik T-5599B Grid Non Grid,Tofuda,PERKAKAS LISTRIK,Obeng,7200,,.,12,12,pcs,,https://res.cloudinary.com/jxqapzzv/image/upload/v1787629369/pngkey.com-under-construction-comingsoon.png
,Meteran 5M T-905,Tofuda,ALAT SERBAGUNA,Meteran,12000,,.,12,12,pcs,,https://res.cloudinary.com/jxqapzzv/image/upload/v1787629369/pngkey.com-under-construction-comingsoon.png
,Tang Potong T-7711,Tofuda,PERKAKAS LISTRIK,Tang,28000,,.,6,6,pcs,,https://res.cloudinary.com/jxqapzzv/image/upload/v1787629369/pngkey.com-under-construction-comingsoon.png
,Tang Kombinasi T-7712,Tofuda,PERKAKAS LISTRIK,Tang,28000,,.,6,6,pcs,,https://res.cloudinary.com/jxqapzzv/image/upload/v1787629369/pngkey.com-under-construction-comingsoon.png
,Tang Lancip T-7713,Tofuda,PERKAKAS LISTRIK,Tang,28000,,.,6,6,pcs,,https://res.cloudinary.com/jxqapzzv/image/upload/v1787629369/pngkey.com-under-construction-comingsoon.png
,Cutter + Refill 3pcs 993,Tofuda,ALAT SERBAGUNA,Cutter,9800,,.,40,40,pcs,,https://res.cloudinary.com/jxqapzzv/image/upload/v1787629369/pngkey.com-under-construction-comingsoon.png
,Klem Kabel 7mm T-917,Tofuda,PERKAKAS LISTRIK,Klem,3800,,.,50,50,pcs,,https://res.cloudinary.com/jxqapzzv/image/upload/v1787629369/pngkey.com-under-construction-comingsoon.png
,Klem Kabel 8mm T-918,Tofuda,PERKAKAS LISTRIK,Klem,4300,,.,50,50,pcs,,https://res.cloudinary.com/jxqapzzv/image/upload/v1787629369/pngkey.com-under-construction-comingsoon.png
,Klem Kabel 9mm T-919,Tofuda,PERKAKAS LISTRIK,Klem,5000,,.,50,50,pcs,,https://res.cloudinary.com/jxqapzzv/image/upload/v1787629369/pngkey.com-under-construction-comingsoon.png
,Klem Kabel 10mm T-9110,Tofuda,PERKAKAS LISTRIK,Klem,5500,,.,50,50,pcs,,https://res.cloudinary.com/jxqapzzv/image/upload/v1787629369/pngkey.com-under-construction-comingsoon.png
,Klem Kabel 12mm T-9112,Tofuda,PERKAKAS LISTRIK,Klem,7700,,.,50,50,pcs,,https://res.cloudinary.com/jxqapzzv/image/upload/v1787629369/pngkey.com-under-construction-comingsoon.png
,Klem Kabel 18mm T-9118,Tofuda,PERKAKAS LISTRIK,Klem,9000,,.,50,50,pcs,,https://res.cloudinary.com/jxqapzzv/image/upload/v1787629369/pngkey.com-under-construction-comingsoon.png
,POL JEMURAN HANDUK LIPAT ,Pol,PERLENGKAPAN RUMAH TANGGA,Jemuran,115625,92500,Promo Akhir Tahun,32,1,pcs,41,https://res.cloudinary.com/jxqapzzv/image/upload/v1787629369/pngkey.com-under-construction-comingsoon.png
,POL STAND HANGER MULTIFUNGSI 4 SUSUN (RAK VENUS),Pol,PERLENGKAPAN RUMAH TANGGA,Hanger,112500,90000,Promo Akhir Tahun,20,1,pcs,42,https://res.cloudinary.com/jxqapzzv/image/upload/v1787629369/pngkey.com-under-construction-comingsoon.png
,POL TRIANGLE STAND HANGER BLACK,Pol,PERLENGKAPAN RUMAH TANGGA,Hanger,115625,92500,Promo Akhir Tahun,10,1,pcs,43,https://res.cloudinary.com/jxqapzzv/image/upload/v1787629369/pngkey.com-under-construction-comingsoon.png
,POL PUNCHING BAGS,Pol,PERLENGKAPAN RUMAH TANGGA,Bags,72500,58000,Promo Akhir Tahun,50,1,pcs,44,https://res.cloudinary.com/jxqapzzv/image/upload/v1787629369/pngkey.com-under-construction-comingsoon.png
,POL RUCKSACK/TAS RANSEL,Pol,PERLENGKAPAN RUMAH TANGGA,Tas,100000,80000,Promo Akhir Tahun,100,1,pcs,45,https://res.cloudinary.com/jxqapzzv/image/upload/v1787629369/pngkey.com-under-construction-comingsoon.png
,POL LAUNDRY BAG  GREY 58X35X41,Pol,PERLENGKAPAN RUMAH TANGGA,Bags,24375,19500,Promo Akhir Tahun,200,1,pcs,46,https://res.cloudinary.com/jxqapzzv/image/upload/v1787629369/pngkey.com-under-construction-comingsoon.png
,POL LAUNDRY BAG HIJAU 58X40X32,Pol,PERLENGKAPAN RUMAH TANGGA,Bags,28125,22500,Promo Akhir Tahun,200,1,pcs,47,https://res.cloudinary.com/jxqapzzv/image/upload/v1787629369/pngkey.com-under-construction-comingsoon.png
,POL LAUNDRY BAG ORANGE 43X27X47,Pol,PERLENGKAPAN RUMAH TANGGA,Bags,19375,15500,Promo Akhir Tahun,200,1,pcs,48,https://res.cloudinary.com/jxqapzzv/image/upload/v1787629369/pngkey.com-under-construction-comingsoon.png
,POL SOAP PUMP,Pol,PERALATAN DAPUR,Alat Cuci,10625,8500,Promo Akhir Tahun,150,1,pcs,49,https://res.cloudinary.com/jxqapzzv/image/upload/v1787629369/pngkey.com-under-construction-comingsoon.png
,POL KERANJANG SERBA GUNA,Pol,ALAT SERBAGUNA,Keranjang,16875,13500,Promo Akhir Tahun,10,1,pcs,50,https://res.cloudinary.com/jxqapzzv/image/upload/v1787629369/pngkey.com-under-construction-comingsoon.png
,POL MINI RAK,Pol,ALAT SERBAGUNA,Rak,8125,6500,Promo Akhir Tahun,100,1,pcs,,https://res.cloudinary.com/jxqapzzv/image/upload/v1787629369/pngkey.com-under-construction-comingsoon.png
,POL STROLER BABY,Pol,LAIN-LAIN,Stroller,466250,373000,Promo Akhir Tahun,10,1,pcs,,https://res.cloudinary.com/jxqapzzv/image/upload/v1787629369/pngkey.com-under-construction-comingsoon.png
,POL RAK PIRING,Pol,PERALATAN DAPUR,Rak,27500,22000,Promo Akhir Tahun,80,1,pcs,,https://res.cloudinary.com/jxqapzzv/image/upload/v1787629369/pngkey.com-under-construction-comingsoon.png
,POL BASkOM SCUBER/TEMPAT CUCI BERAS,Pol,PERALATAN DAPUR,Baskom,6875,5500,Promo Akhir Tahun,100,1,pcs,,https://res.cloudinary.com/jxqapzzv/image/upload/v1787629369/pngkey.com-under-construction-comingsoon.png
,POL FRESH BOX (RANTANG 5 SUSUN),Pol,PERALATAN DAPUR,Panci,35625,28500,Promo Akhir Tahun,20,1,pcs,,https://res.cloudinary.com/jxqapzzv/image/upload/v1787629369/pngkey.com-under-construction-comingsoon.png
,POL PANCI MINI ELEKTRIK,Pol,PERALATAN DAPUR,Panci,128750,103000,Promo Akhir Tahun,36,1,pcs,,https://res.cloudinary.com/jxqapzzv/image/upload/v1787629369/pngkey.com-under-construction-comingsoon.png
,"POL DISPENSER KACA KAKI KAYU 3,6 L",Pol,PERALATAN DAPUR,Dispenser,237500,190000,Promo Akhir Tahun,12,1,pcs,,https://res.cloudinary.com/jxqapzzv/image/upload/v1787629369/pngkey.com-under-construction-comingsoon.png
,POL GELAS TEMPEL MOTIF BERUANG,Pol,KAMAR MANDI,Hanger,6250,5000,Promo Akhir Tahun,200,1,pcs,,https://res.cloudinary.com/jxqapzzv/image/upload/v1787629369/pngkey.com-under-construction-comingsoon.png
,POL SENDOK JERAMI,Pol,LAIN-LAIN,Sendok Garpu,5000,4000,Promo Akhir Tahun,110,1,pcs,,https://res.cloudinary.com/jxqapzzv/image/upload/v1787629369/pngkey.com-under-construction-comingsoon.png
,POL BOTOL RUSA,Pol,LAIN-LAIN,Botol,26250,21000,Promo Akhir Tahun,80,1,pcs,,https://res.cloudinary.com/jxqapzzv/image/upload/v1787629369/pngkey.com-under-construction-comingsoon.png
,POL BOTOL KUCING KECIL,Pol,LAIN-LAIN,Botol,12500,10000,Promo Akhir Tahun,100,1,pcs,,https://res.cloudinary.com/jxqapzzv/image/upload/v1787629369/pngkey.com-under-construction-comingsoon.png
,POL BOTOL GEMOY,Pol,LAIN-LAIN,Botol,22500,18000,Promo Akhir Tahun,80,1,pcs,,https://res.cloudinary.com/jxqapzzv/image/upload/v1787629369/pngkey.com-under-construction-comingsoon.png
,POL DUN DUN TUMBLER PLASTIC/BOTOL MIXUE,Pol,LAIN-LAIN,Botol,22500,18000,Promo Akhir Tahun,100,1,pcs,,https://res.cloudinary.com/jxqapzzv/image/upload/v1787629369/pngkey.com-under-construction-comingsoon.png
,6BAN DISPOSABLE RAINCOAT ADULT,Pol,LAIN-LAIN,Jas Hujan Dewass,16875,13500,Promo Akhir Tahun,100,1,pcs,,https://res.cloudinary.com/jxqapzzv/image/upload/v1787629369/pngkey.com-under-construction-comingsoon.png
,DAISUKE TAPE LAKBAN 48MM X 90Y COKLAT,Daisuke,ISOLASI / TAPE,Lakban,75000,60000,.,12,1,Slop(@6pcs),,https://res.cloudinary.com/jxqapzzv/image/upload/v1787629369/pngkey.com-under-construction-comingsoon.png
,DAISUKE TAPE LAKBAN 48MM X 90Y BENING,Daisuke,ISOLASI / TAPE,Lakban,75000,60000,.,12,1,Slop(@6pcs),,https://res.cloudinary.com/jxqapzzv/image/upload/v1787629369/pngkey.com-under-construction-comingsoon.png
,DAISUKE TAPE LAKBAN FRAGILE 100Y,Daisuke,ISOLASI / TAPE,Lakban,113250,90600,.,12,1,Slop(@6pcs),,https://res.cloudinary.com/jxqapzzv/image/upload/v1787629369/pngkey.com-under-construction-comingsoon.png
,DAISUKE TAPE STATIONERY TAPE KECIL,Daisuke,ISOLASI / TAPE,Isolasi,12500,10000,.,16,1,Slop(@12pcs),,https://res.cloudinary.com/jxqapzzv/image/upload/v1787629369/pngkey.com-under-construction-comingsoon.png
,DAISUKE DOUBLE TAPE TISU 48MM X 18Y,Daisuke,ISOLASI / TAPE,Isolasi Dobel,13750,11000,.,72,1,pcs,,https://res.cloudinary.com/jxqapzzv/image/upload/v1787629369/pngkey.com-under-construction-comingsoon.png
,DAISUKE DOUBLE TAPE TISU 24MM X 18Y,Daisuke,ISOLASI / TAPE,Isolasi Dobel,7125,5700,.,12,1,pcs,,https://res.cloudinary.com/jxqapzzv/image/upload/v1787629369/pngkey.com-under-construction-comingsoon.png
,DAISUKE TAPE MASKING TAPE 48MM X 20Y,Daisuke,ISOLASI / TAPE,Isolasi,16250,13000,.,72,1,pcs,,https://res.cloudinary.com/jxqapzzv/image/upload/v1787629369/pngkey.com-under-construction-comingsoon.png
,DAISUKE TAPE MASKING TAPE 24MM X 20Y,Daisuke,ISOLASI / TAPE,Isolasi,8375,6700,.,12,1,pcs,,https://res.cloudinary.com/jxqapzzv/image/upload/v1787629369/pngkey.com-under-construction-comingsoon.png
,DAISUKE ISOLASI BENING 12MM x 90 Y @12/SLOP @24SLOP/CTN,Daisuke,ISOLASI / TAPE,Isolasi,42500,34000,.,24,1,Slop(@12pcs),,https://res.cloudinary.com/jxqapzzv/image/upload/v1787629369/pngkey.com-under-construction-comingsoon.png
,DAISUKE TAPE LAKBAN BENING 24MM X 90Y @6ROLL/SLOP @24SLOP/CTN,Daisuke,ISOLASI / TAPE,Lakban,6875,5500,.,24,1,Slop(@6pcs),,https://res.cloudinary.com/jxqapzzv/image/upload/v1787629369/pngkey.com-under-construction-comingsoon.png
,DAISUKE TAPE CLOTH TAPE HITAM 46MM X 10Y,Daisuke,ISOLASI / TAPE,Lakban,18750,15000,.,72,1,pcs,,https://res.cloudinary.com/jxqapzzv/image/upload/v1787629369/pngkey.com-under-construction-comingsoon.png
,DAISUKE TAPE CLOTH TAPE HITAM 46MM X 15Y,Daisuke,ISOLASI / TAPE,Lakban,23750,19000,.,72,1,pcs,,https://res.cloudinary.com/jxqapzzv/image/upload/v1787629369/pngkey.com-under-construction-comingsoon.png
,DAISUKE TAPE EVA FOAM TAPE 24MM X 5M HIJAU @108/CTN,Daisuke,ISOLASI / TAPE,Isolasi dobel,9625,7700,.,108,1,pcs,,https://res.cloudinary.com/jxqapzzv/image/upload/v1787629369/pngkey.com-under-construction-comingsoon.png
,DAISUKE TAPE EVA FOAM TAPE 24MM X 5M BATIK @108/CTN,Daisuke,ISOLASI / TAPE,Isolasi dobel,9625,7700,.,108,1,pcs,,https://res.cloudinary.com/jxqapzzv/image/upload/v1787629369/pngkey.com-under-construction-comingsoon.png
,SCH SEAL TAPE JUMBO 19MM X 0.75MM X 15M @20/500/CTN,Daisuke,ISOLASI / TAPE,Sealtape,4375,3500,.,20,20,pcs,,https://res.cloudinary.com/jxqapzzv/image/upload/v1787629369/pngkey.com-under-construction-comingsoon.png
,NATIONAL ISOLASI LISTRIK ,National,ISOLASI / TAPE,Isolasi Listrik,8750,7000,.,12,12,pcs,,https://res.cloudinary.com/jxqapzzv/image/upload/v1787629369/pngkey.com-under-construction-comingsoon.png
,BERRY MASKING TAPE (SZ) 24MM X 10M,Berry,ISOLASI / TAPE,Isolasi,3625,2900,.,12,1,Slop(@12pcs),,https://res.cloudinary.com/jxqapzzv/image/upload/v1787629369/pngkey.com-under-construction-comingsoon.png
,BERRY ELECTRICAL KOTAK 17MM x 20Y ,Berry,ISOLASI / TAPE,Isolasi Listrik,5937.5,4750,.,12,12,pcs,,https://res.cloudinary.com/jxqapzzv/image/upload/v1787629369/pngkey.com-under-construction-comingsoon.png
,BERRY OPP TAPE COKLAT 48MM X 80MTR,Berry,ISOLASI / TAPE,Lakban,75000,60000,.,24,1,Slop(@6pcs),,https://res.cloudinary.com/jxqapzzv/image/upload/v1787629369/pngkey.com-under-construction-comingsoon.png
,HIRO T-DUS 3 CABANG 20MM PUTIH ,Hiro,ALAT LISTRIK,Instalasi,2625,2100,.,20,20,pcs,,https://res.cloudinary.com/jxqapzzv/image/upload/v1787629369/pngkey.com-under-construction-comingsoon.png
,MASKO BOX PANEL IB/OB KC 12GRUP+3LP (9812L),Masko,MCB DAN BOX MCB,Box Mcb,140000,112000,.,12,12,pcs,,https://res.cloudinary.com/jxqapzzv/image/upload/v1787629369/pngkey.com-under-construction-comingsoon.png
,CLIPTON INBOWDOS BULAT 5/8 HITAM ,Clipton,ALAT LISTRIK,Instalasi,1375,1100,.,25,25,pcs,,https://res.cloudinary.com/jxqapzzv/image/upload/v1787629369/pngkey.com-under-construction-comingsoon.png
,CLIPTON T DOS 5/8 HITAM ,Clipton,ALAT LISTRIK,Instalasi,1500,1200,.,30,30,pcs,,https://res.cloudinary.com/jxqapzzv/image/upload/v1787629369/pngkey.com-under-construction-comingsoon.png
,CLIPTON DURADOS HITAM 3/4 ,Clipton,ALAT LISTRIK,Instalasi,6875,5500,.,20,20,pcs,,https://res.cloudinary.com/jxqapzzv/image/upload/v1787629369/pngkey.com-under-construction-comingsoon.png
,CLIPTON DURADOS HITAM 5.8 ,Clipton,ALAT LISTRIK,Instalasi,13750,11000,.,10,10,pcs,,https://res.cloudinary.com/jxqapzzv/image/upload/v1787629369/pngkey.com-under-construction-comingsoon.png
,CLIPTON BOX MCB 2-4 GRUP ,Clipton,ALAT LISTRIK,Instalasi,3750,3000,.,4,4,pcs,,https://res.cloudinary.com/jxqapzzv/image/upload/v1787629369/pngkey.com-under-construction-comingsoon.png
,CLIPTON BOX MCB 1 GRUP,Clipton,ALAT LISTRIK,Instalasi,3000,2400,.,12,12,pcs,,https://res.cloudinary.com/jxqapzzv/image/upload/v1787629369/pngkey.com-under-construction-comingsoon.png
,CLIPTON OB DOS (OUTBOW DOS) KOTAK PUTIH,Clipton,ALAT LISTRIK,Instalasi,4000,3200,.,16,16,pcs,,https://res.cloudinary.com/jxqapzzv/image/upload/v1787629369/pngkey.com-under-construction-comingsoon.png
,INDEX PIPA L 20MM ,Index,ALAT LISTRIK,Instalasi,3000,2400,.,100,100,pcs,,https://res.cloudinary.com/jxqapzzv/image/upload/v1787629369/pngkey.com-under-construction-comingsoon.png
,INDEX L BOW 20MM @50/750/CTN,Index,ALAT LISTRIK,Instalasi,2250,1800,.,50,50,pcs,,https://res.cloudinary.com/jxqapzzv/image/upload/v1787629369/pngkey.com-under-construction-comingsoon.png
,INDEX MCB 2-3 GRUP + TERMINAL,Index,ALAT LISTRIK,Instalasi,16875,13500,.,102,102,pcs,,https://res.cloudinary.com/jxqapzzv/image/upload/v1787629369/pngkey.com-under-construction-comingsoon.png
,INDEX MCB 2-4 GRUP + TERMINAL,Index,ALAT LISTRIK,Instalasi,33625,26900,.,60,60,pcs,,https://res.cloudinary.com/jxqapzzv/image/upload/v1787629369/pngkey.com-under-construction-comingsoon.png
,INDEX INBOWDOS KOTAK HITAM ,Index,ALAT LISTRIK,Instalasi,2500,2000,.,20,20,pcs,,https://res.cloudinary.com/jxqapzzv/image/upload/v1787629369/pngkey.com-under-construction-comingsoon.png
,INDEX KLEM PIPA LISTRIK 20MM,Index,ALAT LISTRIK,Instalasi,625,500,.,100,100,pcs,,https://res.cloudinary.com/jxqapzzv/image/upload/v1787629369/pngkey.com-under-construction-comingsoon.png
,INDEX SOCK PIPA PUTIH 20MM ,Index,ALAT LISTRIK,Instalasi,687.5,550,.,60,60,pcs,,https://res.cloudinary.com/jxqapzzv/image/upload/v1787629369/pngkey.com-under-construction-comingsoon.png
,INDEX TEE DOS PUTIH 20MM ,Index,ALAT LISTRIK,Instalasi,3750,3000,.,20,20,pcs,,https://res.cloudinary.com/jxqapzzv/image/upload/v1787629369/pngkey.com-under-construction-comingsoon.png
,INDEX CROSS DOS PUTIH ,Index,ALAT LISTRIK,Instalasi,4000,3200,.,20,20,pcs,,https://res.cloudinary.com/jxqapzzv/image/upload/v1787629369/pngkey.com-under-construction-comingsoon.png
,INDEX L DOS PUTIH 20MM,Index,ALAT LISTRIK,Instalasi,3750,3000,.,20,20,pcs,,https://res.cloudinary.com/jxqapzzv/image/upload/v1787629369/pngkey.com-under-construction-comingsoon.png
,ARROW KNEE PIPA LISTRIK PVC PUTIH 5/8,Arrow,ALAT LISTRIK,Instalasi,1250,1000,.,500,500,pcs,,https://res.cloudinary.com/jxqapzzv/image/upload/v1787629369/pngkey.com-under-construction-comingsoon.png
,ARROW SOCK PIPA LISTRIK PVC PUTIH 5/8 ,Arrow,ALAT LISTRIK,Instalasi,812.5,650,.,500,500,pcs,,https://res.cloudinary.com/jxqapzzv/image/upload/v1787629369/pngkey.com-under-construction-comingsoon.png
,ARROW TEE PIPA LISTRIK PVC PUTIH 5/8,Arrow,ALAT LISTRIK,Instalasi,1500,1200,.,400,400,pcs,,https://res.cloudinary.com/jxqapzzv/image/upload/v1787629369/pngkey.com-under-construction-comingsoon.png
,WILMER SEPATU BOOTS KARET HITAM NO. 42 WSB-110BY @30/CTN,Wilmer,PERKAKAS TEHNIK,Sepatu Safety,76875,61500,.,30,30,pcs,,https://res.cloudinary.com/jxqapzzv/image/upload/v1787629369/pngkey.com-under-construction-comingsoon.png
,"WILMER GUNTING SENG 8"" WGTS- 108 @6/60/CTN",Wilmer,PERKAKAS TEHNIK,Gunting,36250,29000,.,12,12,pcs,,https://res.cloudinary.com/jxqapzzv/image/upload/v1787629369/pngkey.com-under-construction-comingsoon.png
,"WILMER KAPI GG KARET 1.5"" WKK-815 ",Wilmer,PERKAKAS TEHNIK,Kapi,7375,5900,.,12,12,pcs,,https://res.cloudinary.com/jxqapzzv/image/upload/v1787629369/pngkey.com-under-construction-comingsoon.png
,"WILMER KAPI GG KARET 2"" WKK-820",Wilmer,PERKAKAS TEHNIK,Kapi,7500,6000,.,12,12,pcs,,https://res.cloudinary.com/jxqapzzv/image/upload/v1787629369/pngkey.com-under-construction-comingsoon.png
,"WILMER KAPI GG KARET 4"" WKK-840",Wilmer,PERKAKAS TEHNIK,Kapi,9625,7700,.,12,12,pcs,,https://res.cloudinary.com/jxqapzzv/image/upload/v1787629369/pngkey.com-under-construction-comingsoon.png
,"WILMER KAPI GG KAYU1.5"" WKK-615",Wilmer,PERKAKAS TEHNIK,Kapi,3875,3100,.,12,12,pcs,,https://res.cloudinary.com/jxqapzzv/image/upload/v1787629369/pngkey.com-under-construction-comingsoon.png
,"WILMER KAPI GG KAYU 2.5"" WKK-625",Wilmer,PERKAKAS TEHNIK,Kapi,4250,3400,.,12,12,pcs,,https://res.cloudinary.com/jxqapzzv/image/upload/v1787629369/pngkey.com-under-construction-comingsoon.png
,"WILMER KAPI GG KAYU 3"" WKK-630",Wilmer,PERKAKAS TEHNIK,Kapi,4625,3700,.,12,12,pcs,,https://res.cloudinary.com/jxqapzzv/image/upload/v1787629369/pngkey.com-under-construction-comingsoon.png
,"WILMER KAPI GG KAYU 4"" WKK-640 ",Wilmer,PERKAKAS TEHNIK,Kapi,5375,4300,.,12,12,pcs,,https://res.cloudinary.com/jxqapzzv/image/upload/v1787629369/pngkey.com-under-construction-comingsoon.png
,VISERO INBOWDUS KOTAK HITAM (VIB- 001KH) ,Visero,ALAT LISTRIK,Instalasi,1875,1500,.,20,20,pcs,,https://res.cloudinary.com/jxqapzzv/image/upload/v1787629369/pngkey.com-under-construction-comingsoon.png
,VISERO T-DOS CAB 3 - 5/8 BULAT HITAM ,Visero,ALAT LISTRIK,Instalasi,1250,1000,.,20,20,pcs,,https://res.cloudinary.com/jxqapzzv/image/upload/v1787629369/pngkey.com-under-construction-comingsoon.png
,"PROKENSO GUNTING RENTENG HSL 6"" ",Prokenso,ALAT SERBAGUNA,Gunting,62125,49700,.,20,1,Renteng(@12pcs),,https://res.cloudinary.com/jxqapzzv/image/upload/v1787629369/pngkey.com-under-construction-comingsoon.png
,ELGLADIO KABEL TIES 200MM PUTIH ,Elgladio,ALAT SERBAGUNA,Kabel Ties,7375,5900,.,20,1,pack kecil,,https://res.cloudinary.com/jxqapzzv/image/upload/v1787629369/pngkey.com-under-construction-comingsoon.png
,KYZUKU KABEL TIES 2.5X100MM PUTIH,Kyzuku,ALAT SERBAGUNA,Kabel Ties,5500,4400,.,20,1,pack kecil,,https://res.cloudinary.com/jxqapzzv/image/upload/v1787629369/pngkey.com-under-construction-comingsoon.png
,6BAN KABEL TIES NYLON HITAM/PUTIH 2.5 X 100MM,6BAN,ALAT SERBAGUNA,Kabel Ties,6875,5500,.,20,1,pack kecil,,https://res.cloudinary.com/jxqapzzv/image/upload/v1787629369/pngkey.com-under-construction-comingsoon.png
,6BAN KABEL TIES NYLON HITAM/PUTIH 2.5 X 150MM,6BAN,ALAT SERBAGUNA,Kabel Ties,10000,8000,.,20,1,pack kecil,,https://res.cloudinary.com/jxqapzzv/image/upload/v1787629369/pngkey.com-under-construction-comingsoon.png
,6BAN KABEL TIES NYLON HITAM/PUTIH 2.5 X 200MM,6BAN,ALAT SERBAGUNA,Kabel Ties,13125,10500,.,20,1,pack kecil,,https://res.cloudinary.com/jxqapzzv/image/upload/v1787629369/pngkey.com-under-construction-comingsoon.png
,6BAN KABEL TIES NYLON HITAM/PUTIH 3.6 X 150MM,6BAN,ALAT SERBAGUNA,Kabel Ties,17500,14000,.,20,1,pack kecil,,https://res.cloudinary.com/jxqapzzv/image/upload/v1787629369/pngkey.com-under-construction-comingsoon.png
,6BAN KABEL TIES NYLON HITAM/PUTIH 3.6 X 200MM,6BAN,ALAT SERBAGUNA,Kabel Ties,23125,18500,.,20,1,pack kecil,,https://res.cloudinary.com/jxqapzzv/image/upload/v1787629369/pngkey.com-under-construction-comingsoon.png
,6BAN KABEL TIES NYLON HITAM/PUTIH 3.6 X 300MM,6BAN,ALAT SERBAGUNA,Kabel Ties,35000,28000,.,20,1,pack kecil,,https://res.cloudinary.com/jxqapzzv/image/upload/v1787629369/pngkey.com-under-construction-comingsoon.png
,6BAN KABEL TIES NYLON HITAM/PUTIH 3.6 X 370MM,6BAN,ALAT SERBAGUNA,Kabel Ties,43125,34500,.,20,1,pack kecil,,https://res.cloudinary.com/jxqapzzv/image/upload/v1787629369/pngkey.com-under-construction-comingsoon.png
,6BAN KABEL TIES NYLON HITAM/PUTIH 4.8 X 200MM,6BAN,ALAT SERBAGUNA,Kabel Ties,30000,24000,.,20,1,pack kecil,,https://res.cloudinary.com/jxqapzzv/image/upload/v1787629369/pngkey.com-under-construction-comingsoon.png
,6BAN KABEL TIES NYLON HITAM/PUTIH 4.8 X 300MM,6BAN,ALAT SERBAGUNA,Kabel Ties,46250,37000,.,20,1,pack kecil,,https://res.cloudinary.com/jxqapzzv/image/upload/v1787629369/pngkey.com-under-construction-comingsoon.png
,6BAN KABEL TIES NYLON HITAM/PUTIH 4.8 X 370MM,6BAN,ALAT SERBAGUNA,Kabel Ties,54375,43500,.,20,1,pack kecil,,https://res.cloudinary.com/jxqapzzv/image/upload/v1787629369/pngkey.com-under-construction-comingsoon.png
,"NEVADA OBENG AMERIKA 4"" NON GRID ",Nevada,PERKAKAS TEHNIK,Obeng,9375,7500,.,12,12,pcs,,https://res.cloudinary.com/jxqapzzv/image/upload/v1787629369/pngkey.com-under-construction-comingsoon.png
,"NEVADA OBENG AMERIKA 4"" GRID ",Nevada,PERKAKAS TEHNIK,Obeng,11000,8800,.,12,12,pcs,,https://res.cloudinary.com/jxqapzzv/image/upload/v1787629369/pngkey.com-under-construction-comingsoon.png
,NEVADA TESPEN BB KECIL BENING ,Nevada,PERKAKAS TEHNIK,Obeng,4000,3200,.,24,24,pcs,,https://res.cloudinary.com/jxqapzzv/image/upload/v1787629369/pngkey.com-under-construction-comingsoon.png
,ELGLADIO PALU KARET 12OZ,Elgladio,PERKAKAS TEHNIK,Palu,28125,22500,.,36,1,pcs,,https://res.cloudinary.com/jxqapzzv/image/upload/v1787629369/pngkey.com-under-construction-comingsoon.png
,ELGLADIO PALU KARET 16OZ,Elgladio,PERKAKAS TEHNIK,Palu,32500,26000,.,36,1,pcs,,https://res.cloudinary.com/jxqapzzv/image/upload/v1787629369/pngkey.com-under-construction-comingsoon.png
,JOKER PALU KAMBING POLOS GG FIBER 12OZ,Joker,PERKAKAS TEHNIK,Palu,34375,27500,.,48,1,pcs,,https://res.cloudinary.com/jxqapzzv/image/upload/v1787629369/pngkey.com-under-construction-comingsoon.png
,ELGLADIO BAKI CAT HITAM ,Elgladio,PERKAKAS TEHNIK,Baki Cat,9750,7800,.,20,1,pcs,,https://res.cloudinary.com/jxqapzzv/image/upload/v1787629369/pngkey.com-under-construction-comingsoon.png
,GARFIELL METERAN AUTOSTOP 3M,Garfield,ALAT SERBAGUNA,Meteran,20000,16000,.,12,12,pcs,,https://res.cloudinary.com/jxqapzzv/image/upload/v1787629369/pngkey.com-under-construction-comingsoon.png
,GARFIELL METERAN AUTOSTOP 5M,Garfield,ALAT SERBAGUNA,Meteran,23750,19000,.,12,12,pcs,,https://res.cloudinary.com/jxqapzzv/image/upload/v1787629369/pngkey.com-under-construction-comingsoon.png
,GARFIELL METERAN AUTOSTOP 7.5M,Garfield,ALAT SERBAGUNA,Meteran,39375,31500,.,6,6,pcs,,https://res.cloudinary.com/jxqapzzv/image/upload/v1787629369/pngkey.com-under-construction-comingsoon.png
,NEVADA GRENDEL 2”,Nevada,PERKAKAS TEHNIK,Grendel,58625,46900,.,40,1,Lusin,,https://res.cloudinary.com/jxqapzzv/image/upload/v1787629369/pngkey.com-under-construction-comingsoon.png
,NEVADA GRENDEL 3” ,Nevada,PERKAKAS TEHNIK,Grendel,71250,57000,.,40,1,Lusin,,https://res.cloudinary.com/jxqapzzv/image/upload/v1787629369/pngkey.com-under-construction-comingsoon.png
,NEVADA GRENDEL 4” ,Nevada,PERKAKAS TEHNIK,Grendel,84375,67500,.,30,1,Lusin,,https://res.cloudinary.com/jxqapzzv/image/upload/v1787629369/pngkey.com-under-construction-comingsoon.png
,NEVADA GRENDEL 6” ,Nevada,PERKAKAS TEHNIK,Grendel,126875,101500,.,24,1,Lusin,,https://res.cloudinary.com/jxqapzzv/image/upload/v1787629369/pngkey.com-under-construction-comingsoon.png
,NEVADA GRENDEL 8” ,Nevada,PERKAKAS TEHNIK,Grendel,197500,158000,.,20,1,Lusin,,https://res.cloudinary.com/jxqapzzv/image/upload/v1787629369/pngkey.com-under-construction-comingsoon.png
,NEVADA GRENDEL 10” ,Nevada,PERKAKAS TEHNIK,Grendel,268750,215000,.,16,1,Lusin,,https://res.cloudinary.com/jxqapzzv/image/upload/v1787629369/pngkey.com-under-construction-comingsoon.png
,NEVADA GRENDEL 12” ,Nevada,PERKAKAS TEHNIK,Grendel,321875,257500,.,12,1,Lusin,,https://res.cloudinary.com/jxqapzzv/image/upload/v1787629369/pngkey.com-under-construction-comingsoon.png
,"JEVONO ENGSEL TEBAL SN 5"" ",Jenovo,PERKAKAS TEHNIK,Engsel,25750,20600,.,6,6,set,,https://res.cloudinary.com/jxqapzzv/image/upload/v1787629369/pngkey.com-under-construction-comingsoon.png
,PHILIPS STARTER S10-P 4-65W SIN 220-240V,Philips,SAKLAR DAN FITTING,Starter,10625,,Starter,500,500,pcs,,https://res.cloudinary.com/jxqapzzv/image/upload/v1787629369/pngkey.com-under-construction-comingsoon.png
,PHILIPS T-FORCE ESS E27 18w,Philips,PHILIPS LED,Lampu LED,63193,,6500k,12,6,pcs,,https://res.cloudinary.com/jxqapzzv/image/upload/v1787629369/pngkey.com-under-construction-comingsoon.png
,PHILIPS T-FORCE ESS E27 22w,Philips,PHILIPS LED,Lampu LED,72351,,6500k,12,6,pcs,,https://res.cloudinary.com/jxqapzzv/image/upload/v1787629369/pngkey.com-under-construction-comingsoon.png
,PHILIPS T-FORCE ESS E27 30w,Philips,PHILIPS LED,Lampu LED,90668,,6500k,12,6,pcs,,https://res.cloudinary.com/jxqapzzv/image/upload/v1787629369/pngkey.com-under-construction-comingsoon.png
,PHILIPS T-FORCE ESS E27 40w,Philips,PHILIPS LED,Lampu LED,119059,,6500k,12,6,pcs,,https://res.cloudinary.com/jxqapzzv/image/upload/v1787629369/pngkey.com-under-construction-comingsoon.png
,PHILIPS T-FORCE CORE E27 27w,Philips,PHILIPS LED,Lampu LED,136460,,6500k,12,6,pcs,,https://res.cloudinary.com/jxqapzzv/image/upload/v1787629369/pngkey.com-under-construction-comingsoon.png
,PHILIPS T-FORCE CORE E27 35w,Philips,PHILIPS LED,Lampu LED,180420,,6500k,12,6,pcs,,https://res.cloudinary.com/jxqapzzv/image/upload/v1787629369/pngkey.com-under-construction-comingsoon.png
,PHILIPS T-FORCE CORE E27 45w,Philips,PHILIPS LED,Lampu LED,234913,,6500k,12,6,pcs,,https://res.cloudinary.com/jxqapzzv/image/upload/v1787629369/pngkey.com-under-construction-comingsoon.png
,PHILIPS T-FORCE CORE E40 45w,Philips,PHILIPS LED,Lampu LED,209880,,6500k,12,6,pcs,,https://res.cloudinary.com/jxqapzzv/image/upload/v1787629369/pngkey.com-under-construction-comingsoon.png
,PHILIPS HELIX 35w,Philips,LAMPU DAN PENERANGAN,Lampu,105825,,6500k,12,12,pcs,,https://res.cloudinary.com/jxqapzzv/image/upload/v1787629369/pngkey.com-under-construction-comingsoon.png
,PHILIPS EMERGENCY LED BULB BB 7.5w,Philips,PHILIPS LED,Emergency,129373,117612,6500k,12,6,pcs,,https://res.cloudinary.com/jxqapzzv/image/upload/v1787629369/pngkey.com-under-construction-comingsoon.png
,PHILIPS EMERGENCY LED BULB BB 9w,Philips,PHILIPS LED,Emergency,141952,129047,6500k,12,6,pcs,,https://res.cloudinary.com/jxqapzzv/image/upload/v1787629369/pngkey.com-under-construction-comingsoon.png
,PHILIPS EMERGENCY LED BULB BB 13w,Philips,PHILIPS LED,Emergency,153931,139937,6500k,12,12,pcs,,https://res.cloudinary.com/jxqapzzv/image/upload/v1787629369/pngkey.com-under-construction-comingsoon.png
,PHILIPS ESSENTIAL PUTIH *5w,Philips,LAMPU DAN PENERANGAN,Lampu,44389,,discontinue habiskan stok,12,12,pcs,,https://res.cloudinary.com/jxqapzzv/image/upload/v1787629369/pngkey.com-under-construction-comingsoon.png
,PHILIPS ESSENTIAL PUTIH 14w,Philips,LAMPU DAN PENERANGAN,Lampu,56950,,6500k,12,12,pcs,,https://res.cloudinary.com/jxqapzzv/image/upload/v1787629369/pngkey.com-under-construction-comingsoon.png
,PHILIPS ESSENTIAL PUTIH 18w,Philips,LAMPU DAN PENERANGAN,Lampu,59925,,6500k,12,12,pcs,,https://res.cloudinary.com/jxqapzzv/image/upload/v1787629369/pngkey.com-under-construction-comingsoon.png
,PHILIPS ESSENTIAL PUTIH 23w,Philips,LAMPU DAN PENERANGAN,Lampu,71400,,6500k,12,12,pcs,,https://res.cloudinary.com/jxqapzzv/image/upload/v1787629369/pngkey.com-under-construction-comingsoon.png
,PHILIPS ESSENTIAL PUTIH *35w,Philips,LAMPU DAN PENERANGAN,Lampu,102473,,discontinue habiskan stok,12,12,pcs,,https://res.cloudinary.com/jxqapzzv/image/upload/v1787629369/pngkey.com-under-construction-comingsoon.png
,PHILIPS TORNADO PUTIH 15w,Philips,LAMPU DAN PENERANGAN,Lampu,71400,,6500k,12,12,pcs,,https://res.cloudinary.com/jxqapzzv/image/upload/v1787629369/pngkey.com-under-construction-comingsoon.png
,PHILIPS TORNADO PUTIH 27w,Philips,LAMPU DAN PENERANGAN,Lampu,85850,,6500k,12,12,pcs,,https://res.cloudinary.com/jxqapzzv/image/upload/v1787629369/pngkey.com-under-construction-comingsoon.png
,PHILIPS BN015C SET 16W 740/765 1200MM,Philips,PHILIPS LED,Lampu LED,96050,,4000k/6500k,40,40,pcs,,https://res.cloudinary.com/jxqapzzv/image/upload/v1787629369/pngkey.com-under-construction-comingsoon.png
,PHILIPS BN015C SET 8W 740/765 600MM,Philips,PHILIPS LED,Lampu LED,79560,,4000k/6500k,40,40,pcs,,https://res.cloudinary.com/jxqapzzv/image/upload/v1787629369/pngkey.com-under-construction-comingsoon.png
,PHILIPS ECOFIT  18W 740/765 T8 AP I G 1200mm,Philips,PHILIPS LED,Lampu LED,65474,,4000k/6500k,25,25,pcs,,https://res.cloudinary.com/jxqapzzv/image/upload/v1787629369/pngkey.com-under-construction-comingsoon.png
,PHILIPS ECOFIT  10W 765 T8 AP I G 600mm,Philips,PHILIPS LED,Lampu LED,53479,,4000k/6500k,25,25,pcs,,https://res.cloudinary.com/jxqapzzv/image/upload/v1787629369/pngkey.com-under-construction-comingsoon.png
,"PHILIPS LED BULB 14,5W MP3+1 PUTIH BODY BESAR",Philips,PHILIPS LED,LEDBulb,235643,,6500k,12,3,Set(@4pcs) ,,https://res.cloudinary.com/jxqapzzv/image/upload/v1787629369/pngkey.com-under-construction-comingsoon.png
,"PHILIPS LED BULB 14,5W MP3+1 PUTIH BODY KECIL",Philips,PHILIPS LED,LEDBulb,261825,,6500k,12,3,Set(@4pcs) ,,https://res.cloudinary.com/jxqapzzv/image/upload/v1787629369/pngkey.com-under-construction-comingsoon.png
,PHILIPS MY CARE 4W PUTIH MP 3+1 ,Philips,PHILIPS LED,LEDBulb,142835,128552,6500k,12,4,Set(@4pcs) ,,https://res.cloudinary.com/jxqapzzv/image/upload/v1787629369/pngkey.com-under-construction-comingsoon.png
,PHILIPS MY CARE 6W PUTIH MP 3+1 ,Philips,PHILIPS LED,LEDBulb,164406,147965,6500k,12,4,Set(@4pcs) ,,https://res.cloudinary.com/jxqapzzv/image/upload/v1787629369/pngkey.com-under-construction-comingsoon.png
,PHILIPS MY CARE 8W PUTIH MP 3+1 ,Philips,PHILIPS LED,LEDBulb,185977,167379,6500k,12,4,Set(@4pcs) ,,https://res.cloudinary.com/jxqapzzv/image/upload/v1787629369/pngkey.com-under-construction-comingsoon.png
,PHILIPS MY CARE 10W PUTIH MP 3+1 ,Philips,PHILIPS LED,LEDBulb,211046,189941,6500k,12,4,Set(@4pcs) ,,https://res.cloudinary.com/jxqapzzv/image/upload/v1787629369/pngkey.com-under-construction-comingsoon.png
,PHILIPS MY CARE 12W PUTIH MP 3+1 ,Philips,PHILIPS LED,LEDBulb,255354,229819,6500k,12,4,Set(@4pcs) ,,https://res.cloudinary.com/jxqapzzv/image/upload/v1787629369/pngkey.com-under-construction-comingsoon.png
,"PHILIPS MESON 080 3,5w 30k/65k",Philips,PHILIPS LED,Downlight LED,107415,85932,3000k/6500k,12,12,pcs,,https://res.cloudinary.com/jxqapzzv/image/upload/v1787629369/pngkey.com-under-construction-comingsoon.png
,"PHILIPS MESON 090 5,5w 30k/65k",Philips,PHILIPS LED,Downlight LED,122430,97944,3000k/6500k,12,12,pcs,,https://res.cloudinary.com/jxqapzzv/image/upload/v1787629369/pngkey.com-under-construction-comingsoon.png
,PHILIPS MESON 105 9w 30k/40k/65k,Philips,PHILIPS LED,Downlight LED,140910,112728,3000k/4000k/6500k,12,12,pcs,,https://res.cloudinary.com/jxqapzzv/image/upload/v1787629369/pngkey.com-under-construction-comingsoon.png
,PHILIPS MESON 125 13w 30k/40k/65k,Philips,PHILIPS LED,Downlight LED,165165,132132,3000k/4000k/6500k,12,12,pcs,,https://res.cloudinary.com/jxqapzzv/image/upload/v1787629369/pngkey.com-under-construction-comingsoon.png
,PHILIPS MESON 150 17w 30k/40k/65k,Philips,PHILIPS LED,Downlight LED,189420,151536,3000k/4000k/6500k,12,12,pcs,,https://res.cloudinary.com/jxqapzzv/image/upload/v1787629369/pngkey.com-under-construction-comingsoon.png
,PHILIPS MESON 175 21w 30k/65k,Philips,PHILIPS LED,Downlight LED,220605,176484,3000k/6500k,12,12,pcs,,https://res.cloudinary.com/jxqapzzv/image/upload/v1787629369/pngkey.com-under-construction-comingsoon.png
,PHILIPS MESON 200 24w 30k/65k,Philips,PHILIPS LED,Downlight LED,255255,204204,3000k/6500k,12,12,pcs,,https://res.cloudinary.com/jxqapzzv/image/upload/v1787629369/pngkey.com-under-construction-comingsoon.png
,"PHILIPS MESON 080 3,5w 30k/65k MP 3+1",Philips,PHILIPS LED,Downlight LED,322245,257796,3000k/6500k,12,6,Set(@4pcs) ,,https://res.cloudinary.com/jxqapzzv/image/upload/v1787629369/pngkey.com-under-construction-comingsoon.png
,"PHILIPS MESON 090 5,5w 30k/65k MP 3+1",Philips,PHILIPS LED,Downlight LED,367290,293832,3000k/6500k,12,6,Set(@4pcs) ,,https://res.cloudinary.com/jxqapzzv/image/upload/v1787629369/pngkey.com-under-construction-comingsoon.png
,PHILIPS MESON 105 9w 30k/40k/65k MP 3+1,Philips,PHILIPS LED,Downlight LED,422730,338184,3000k/4000k/6500k,12,6,Set(@4pcs) ,,https://res.cloudinary.com/jxqapzzv/image/upload/v1787629369/pngkey.com-under-construction-comingsoon.png
,PHILIPS MESON 125 13w 30k/40k/65k MP 3+1,Philips,PHILIPS LED,Downlight LED,495495,396396,3000k/4000k/6500k,12,6,Set(@4pcs) ,,https://res.cloudinary.com/jxqapzzv/image/upload/v1787629369/pngkey.com-under-construction-comingsoon.png
,PHILIPS MESON 150 17w 40k/65k MP 3+1,Philips,PHILIPS LED,Downlight LED,568260,454608,4000k/6500k,12,6,Set(@4pcs) ,,https://res.cloudinary.com/jxqapzzv/image/upload/v1787629369/pngkey.com-under-construction-comingsoon.png
,PHILIPS MESON 175 21w 65k MP 3+1,Philips,PHILIPS LED,Downlight LED,661815,529452,6500k,12,6,Set(@4pcs) ,,https://res.cloudinary.com/jxqapzzv/image/upload/v1787629369/pngkey.com-under-construction-comingsoon.png
,PHILIPS MESON 200 24w 65k MP 3+1,Philips,PHILIPS LED,Downlight LED,765765,612612,6500k,12,6,Set(@4pcs) ,,https://res.cloudinary.com/jxqapzzv/image/upload/v1787629369/pngkey.com-under-construction-comingsoon.png
,PHILIPS ERIDANI DL190B  LED3 D80 3.5W 830/840/865,Philips,PHILIPS LED,Downlight LED,60132,48106,3000k/4000k/6500k,50,50,pcs,,https://res.cloudinary.com/jxqapzzv/image/upload/v1787629369/pngkey.com-under-construction-comingsoon.png
,PHILIPS ERIDANI DL190B  LED6 D100 7W 830/840/865,Philips,PHILIPS LED,Downlight LED,89585,71668,3000k/4000k/6500k,50,50,pcs,,https://res.cloudinary.com/jxqapzzv/image/upload/v1787629369/pngkey.com-under-construction-comingsoon.png
,PHILIPS ERIDANI DL190B  LED8 D125 10W 830/840/865,Philips,PHILIPS LED,Downlight LED,110447,88358,3000k/4000k/6500k,30,30,pcs,,https://res.cloudinary.com/jxqapzzv/image/upload/v1787629369/pngkey.com-under-construction-comingsoon.png
,PHILIPS ERIDANI DL190B  LED11 D150 14W 830/840/865,Philips,PHILIPS LED,Downlight LED,122718,98175,3000k/4000k/6500k,30,30,pcs,,https://res.cloudinary.com/jxqapzzv/image/upload/v1787629369/pngkey.com-under-construction-comingsoon.png
,PHILIPS ERIDANI DL190B  LED18 D200 23W 830/840/865,Philips,PHILIPS LED,Downlight LED,161375,129100,3000k/4000k/6500k,30,30,pcs,,https://res.cloudinary.com/jxqapzzv/image/upload/v1787629369/pngkey.com-under-construction-comingsoon.png
,PHILIPS ERIDANI DL190B  LED3 D80 3.5W 830/865 MP 3+1,Philips,PHILIPS LED,Downlight LED,180396,144317,3000k/6500k,12,6,Set(@4pcs) ,,https://res.cloudinary.com/jxqapzzv/image/upload/v1787629369/pngkey.com-under-construction-comingsoon.png
,PHILIPS ERIDANI DL190B  LED6 D100 7W 830/865 MP 3+1,Philips,PHILIPS LED,Downlight LED,239302,191442,3000k/6500k,12,6,Set(@4pcs) ,,https://res.cloudinary.com/jxqapzzv/image/upload/v1787629369/pngkey.com-under-construction-comingsoon.png
,PHILIPS ERIDANI DL190B  LED8 D125 10W 830/865 MP 3+1,Philips,PHILIPS LED,Downlight LED,282252,225802,3000k/6500k,12,6,Set(@4pcs) ,,https://res.cloudinary.com/jxqapzzv/image/upload/v1787629369/pngkey.com-under-construction-comingsoon.png
,PHILIPS ERIDANI DL190B  LED11 D150 14W 865 MP 3+1,Philips,PHILIPS LED,Downlight LED,337477,269982,6500k,12,6,Set(@4pcs) ,,https://res.cloudinary.com/jxqapzzv/image/upload/v1787629369/pngkey.com-under-construction-comingsoon.png
,PHILIPS ERIDANI DL190B  LED18 D200 23W 865 MP 3+1,Philips,PHILIPS LED,Downlight LED,423381,338705,6500k,12,6,Set(@4pcs) ,,https://res.cloudinary.com/jxqapzzv/image/upload/v1787629369/pngkey.com-under-construction-comingsoon.png
,PHILIPS MY CARE 30k/65k 4w,Philips,PHILIPS LED,LEDBulb,47806,43025,3000k/6500k,12,12,pcs,,https://res.cloudinary.com/jxqapzzv/image/upload/v1787629369/pngkey.com-under-construction-comingsoon.png
,PHILIPS MY CARE 30k/65k 6w,Philips,PHILIPS LED,LEDBulb,54802,49322,3000k/6500k,12,12,pcs,,https://res.cloudinary.com/jxqapzzv/image/upload/v1787629369/pngkey.com-under-construction-comingsoon.png
,PHILIPS MY CARE 30k/65k 8w,Philips,PHILIPS LED,LEDBulb,62381,56143,3000k/6500k,12,12,pcs,,https://res.cloudinary.com/jxqapzzv/image/upload/v1787629369/pngkey.com-under-construction-comingsoon.png
,PHILIPS MY CARE 30k/65k 10w,Philips,PHILIPS LED,LEDBulb,70543,63489,3000k/6500k,12,12,pcs,,https://res.cloudinary.com/jxqapzzv/image/upload/v1787629369/pngkey.com-under-construction-comingsoon.png
,PHILIPS MY CARE 30k/65k 12w,Philips,PHILIPS LED,LEDBulb,85118,76606,3000k/6500k,12,12,pcs,,https://res.cloudinary.com/jxqapzzv/image/upload/v1787629369/pngkey.com-under-construction-comingsoon.png
,PHILIPS LED BULB 14.5W 40K/65K BODY BESAR,Philips,PHILIPS LED,LEDBulb,87625,,3000k/6500k,12,6,pcs,,https://res.cloudinary.com/jxqapzzv/image/upload/v1787629369/pngkey.com-under-construction-comingsoon.png
,PHILIPS LED BULB 14.5W 40K/65K BODY KECIL,Philips,PHILIPS LED,LEDBulb,78862,,3000k/6500k,12,6,pcs,,https://res.cloudinary.com/jxqapzzv/image/upload/v1787629369/pngkey.com-under-construction-comingsoon.png
,PHILIPS LED BULB 19W 65K BODY BESAR,Philips,PHILIPS LED,LEDBulb,121206,,6500k,12,6,pcs,,https://res.cloudinary.com/jxqapzzv/image/upload/v1787629369/pngkey.com-under-construction-comingsoon.png
,PHILIPS LED BULB 19W 65K BODY KECIL,Philips,PHILIPS LED,LEDBulb,109085,,6500k,12,6,pcs,,https://res.cloudinary.com/jxqapzzv/image/upload/v1787629369/pngkey.com-under-construction-comingsoon.png
,PHILIPS ESSENTIAL LED 30k/65k 3w,Philips,PHILIPS LED,LEDBulb,26818,24136,3000k/6500k,12,12,pcs,,https://res.cloudinary.com/jxqapzzv/image/upload/v1787629369/pngkey.com-under-construction-comingsoon.png
,PHILIPS ESSENTIAL LED 30k/65k 5w,Philips,PHILIPS LED,LEDBulb,33231,29908,3000k/6500k,12,12,pcs,,https://res.cloudinary.com/jxqapzzv/image/upload/v1787629369/pngkey.com-under-construction-comingsoon.png
,PHILIPS ESSENTIAL LED 30k/65k 7w,Philips,PHILIPS LED,LEDBulb,37895,34106,3000k/6500k,12,12,pcs,,https://res.cloudinary.com/jxqapzzv/image/upload/v1787629369/pngkey.com-under-construction-comingsoon.png
,PHILIPS ESSENTIAL LED 30k/65k 9w,Philips,PHILIPS LED,LEDBulb,45474,40927,3000k/6500k,12,12,pcs,,https://res.cloudinary.com/jxqapzzv/image/upload/v1787629369/pngkey.com-under-construction-comingsoon.png
,PHILIPS ESSENTIAL LED 30k/65k 11w,Philips,PHILIPS LED,LEDBulb,58300,52470,3000k/6500k,12,12,pcs,,https://res.cloudinary.com/jxqapzzv/image/upload/v1787629369/pngkey.com-under-construction-comingsoon.png
,PHILIPS ESSENTIAL LED 30k/65k 13w,Philips,PHILIPS LED,LEDBulb,69377,62439,3000k/6500k,12,12,pcs,,https://res.cloudinary.com/jxqapzzv/image/upload/v1787629369/pngkey.com-under-construction-comingsoon.png
,PHILIPS ESSENTIAL LED 30k/65k 15w,Philips,PHILIPS LED,LEDBulb,79288,71359,3000k/6500k,12,12,pcs,,https://res.cloudinary.com/jxqapzzv/image/upload/v1787629369/pngkey.com-under-construction-comingsoon.png
,PHILIPS ESSENTIAL LED 30k/65k 5w MP 3+1,Philips,PHILIPS LED,LEDBulb,99693,89724,3000k/6500k,12,3,Set(@4pcs) ,,https://res.cloudinary.com/jxqapzzv/image/upload/v1787629369/pngkey.com-under-construction-comingsoon.png
,PHILIPS ESSENTIAL LED 30k/65k 7w MP 3+1,Philips,PHILIPS LED,LEDBulb,113685,102317,3000k/6500k,12,3,Set(@4pcs) ,,https://res.cloudinary.com/jxqapzzv/image/upload/v1787629369/pngkey.com-under-construction-comingsoon.png
,PHILIPS ESSENTIAL LED 30k/65k 9w MP 3+1,Philips,PHILIPS LED,LEDBulb,136422,122780,3000k/6500k,12,3,Set(@4pcs) ,,https://res.cloudinary.com/jxqapzzv/image/upload/v1787629369/pngkey.com-under-construction-comingsoon.png
,PHILIPS ESSENTIAL LED 30k/65k 11w MP 3+1,Philips,PHILIPS LED,LEDBulb,174900,157410,3000k/6500k,12,3,Set(@4pcs) ,,https://res.cloudinary.com/jxqapzzv/image/upload/v1787629369/pngkey.com-under-construction-comingsoon.png
,PHILIPS TRAFO BTA 36W  220V C SC,Philips,PHILIPS LED,Trafo,96725,,Trafo,32,32,pcs,,https://res.cloudinary.com/jxqapzzv/image/upload/v1787629369/pngkey.com-under-construction-comingsoon.png
,PHILIPS SIMBAT T8 BATTEN  TMS012 1 X 18W,Philips,PHILIPS LED,Lampu LED,161728,,Batten,10,10,pcs,,https://res.cloudinary.com/jxqapzzv/image/upload/v1787629369/pngkey.com-under-construction-comingsoon.png
,DN027B G3 LED6/WW-NW-CW 6W 220-240V D100,Philips,PHILIPS LED,Downlight LED,171193,136954,3000k/4000k/6500k,24,24,pcs,,https://res.cloudinary.com/jxqapzzv/image/upload/v1787629369/pngkey.com-under-construction-comingsoon.png
,DN027B G3 LED9/WW-NW-CW 9W 220-240V D125,Philips,PHILIPS LED,Downlight LED,212917,170334,3000k/4000k/6500k,24,24,pcs,,https://res.cloudinary.com/jxqapzzv/image/upload/v1787629369/pngkey.com-under-construction-comingsoon.png
,DN027B G3 LED12/WW-NW-CW 12W 220-240V D150,Philips,PHILIPS LED,Downlight LED,292683,234147,3000k/4000k/6500k,24,24,pcs,,https://res.cloudinary.com/jxqapzzv/image/upload/v1787629369/pngkey.com-under-construction-comingsoon.png
,DN027B G3 LED15/WW-NW-CW 15W 220-240 D175,Philips,PHILIPS LED,Downlight LED,338703,270963,3000k/4000k/6500k,24,24,pcs,,https://res.cloudinary.com/jxqapzzv/image/upload/v1787629369/pngkey.com-under-construction-comingsoon.png
,DN027B G3 LED20/WW-NW-CW 19W 220-240V D200,Philips,PHILIPS LED,Downlight LED,402517,322014,3000k/4000k/6500k,24,24,pcs,,https://res.cloudinary.com/jxqapzzv/image/upload/v1787629369/pngkey.com-under-construction-comingsoon.png
,[PACK] DN027B G3 LED6/CW 6W D100 MP 4pk,Philips,PHILIPS LED,Downlight LED,513577,410862,6500k,12,12,Set(@4pcs) ,,https://res.cloudinary.com/jxqapzzv/image/upload/v1787629369/pngkey.com-under-construction-comingsoon.png
,[PACK] DN027B G3 LED9/CW 9W D125 MP 4pk,Philips,PHILIPS LED,Downlight LED,638750,511001,6500k,12,12,Set(@4pcs) ,,https://res.cloudinary.com/jxqapzzv/image/upload/v1787629369/pngkey.com-under-construction-comingsoon.png
,[PACK] DN027B G3 LED12/CW 12W D150 MP 4pk,Philips,PHILIPS LED,Downlight LED,878053,702442,6500k,6,6,Set(@4pcs) ,,https://res.cloudinary.com/jxqapzzv/image/upload/v1787629369/pngkey.com-under-construction-comingsoon.png
,[PACK] DN027B G3 LED15/CW 15W D175 MP 4pk,Philips,PHILIPS LED,Downlight LED,1016111,812889,6500k,6,6,Set(@4pcs) ,,https://res.cloudinary.com/jxqapzzv/image/upload/v1787629369/pngkey.com-under-construction-comingsoon.png
,[PACK] DN027B G3 LED20/CW 19W D200 MP 4pk,Philips,PHILIPS LED,Downlight LED,1207552,966042,6500k,6,6,Set(@4pcs) ,,https://res.cloudinary.com/jxqapzzv/image/upload/v1787629369/pngkey.com-under-construction-comingsoon.png
,DN027C G3 LED9/WW-NW-CW 9W 220-240V D150,Philips,PHILIPS LED,Downlight LED,194508,155607,3000k/4000k/6500k,24,24,pcs,,https://res.cloudinary.com/jxqapzzv/image/upload/v1787629369/pngkey.com-under-construction-comingsoon.png
,DN027C G3 LED12/WW-NW-CW 12W 220-240V D175,Philips,PHILIPS LED,Downlight LED,238687,190950,3000k/4000k/6500k,24,24,pcs,,https://res.cloudinary.com/jxqapzzv/image/upload/v1787629369/pngkey.com-under-construction-comingsoon.png
,DN027C G3 LED15/WW-NW-CW 15W 220-240V D200,Philips,PHILIPS LED,Downlight LED,341158,272927,3000k/4000k/6500k,24,24,pcs,,https://res.cloudinary.com/jxqapzzv/image/upload/v1787629369/pngkey.com-under-construction-comingsoon.png
,DN027C G3 LED20/WW-NW-CW 19W 220-240V D225,Philips,PHILIPS LED,Downlight LED,401291,321033,3000k/4000k/6500k,24,24,pcs,,https://res.cloudinary.com/jxqapzzv/image/upload/v1787629369/pngkey.com-under-construction-comingsoon.png
,Eridani SQ Recessed LED6 D105 9W 830-840-865,Philips,PHILIPS LED,Downlight LED,84568,71668,3000k/4000k/6500k,12,12,pcs,,https://res.cloudinary.com/jxqapzzv/image/upload/v1787629369/pngkey.com-under-construction-comingsoon.png
,Eridani SQ Recessed LED9 D125 13W 830-840-865,Philips,PHILIPS LED,Downlight LED,104260,88356,3000k/4000k/6500k,12,12,pcs,,https://res.cloudinary.com/jxqapzzv/image/upload/v1787629369/pngkey.com-under-construction-comingsoon.png
,Eridani SQ Recessed LED12 D150 16W 830-840-865,Philips,PHILIPS LED,Downlight LED,115846,98175,3000k/4000k/6500k,12,12,pcs,,https://res.cloudinary.com/jxqapzzv/image/upload/v1787629369/pngkey.com-under-construction-comingsoon.png
,Eridani SQ Surface LED9 D150 12W 830-840-865,Philips,PHILIPS LED,Downlight LED,127430,107992,3000k/4000k/6500k,12,12,pcs,,https://res.cloudinary.com/jxqapzzv/image/upload/v1787629369/pngkey.com-under-construction-comingsoon.png
,Eridani SQ Surface LED15 D200 18W 830-840-865,Philips,PHILIPS LED,Downlight LED,167571,142010,3000k/4000k/6500k,12,12,pcs,,https://res.cloudinary.com/jxqapzzv/image/upload/v1787629369/pngkey.com-under-construction-comingsoon.png
,Eridani SQ Surface LED22 D300 24W 830-840-865,Philips,PHILIPS LED,Downlight LED,217791,184569,3000k/4000k/6500k,12,12,pcs,,https://res.cloudinary.com/jxqapzzv/image/upload/v1787629369/pngkey.com-under-construction-comingsoon.png
,Eridani RD Surface LED9 D150 12W 830-840-865,Philips,PHILIPS LED,Downlight LED,127430,107992,3000k/4000k/6500k,12,12,pcs,,https://res.cloudinary.com/jxqapzzv/image/upload/v1787629369/pngkey.com-under-construction-comingsoon.png
,Eridani RD Surface LED15 D200 18W 830-840-865,Philips,PHILIPS LED,Downlight LED,167572,142011,3000k/4000k/6500k,12,12,pcs,,https://res.cloudinary.com/jxqapzzv/image/upload/v1787629369/pngkey.com-under-construction-comingsoon.png
,Eridani RD Surface LED22 D300 24W 830-840-865,Philips,PHILIPS LED,Downlight LED,217617,184422,3000k/4000k/6500k,12,12,pcs,,https://res.cloudinary.com/jxqapzzv/image/upload/v1787629369/pngkey.com-under-construction-comingsoon.png
,Eridani DL190B SSW LED7 D100 9W,Philips,PHILIPS LED,Downlight LED,78887,67054,SceneSwitch,50,50,pcs,,https://res.cloudinary.com/jxqapzzv/image/upload/v1787629369/pngkey.com-under-construction-comingsoon.png
,Eridani DL190B SSW LED10 D125 12W,Philips,PHILIPS LED,Downlight LED,92978,79031,SceneSwitch,30,30,pcs,,https://res.cloudinary.com/jxqapzzv/image/upload/v1787629369/pngkey.com-under-construction-comingsoon.png
,Eridani DL190B SSW LED13 D150 15W,Philips,PHILIPS LED,Downlight LED,111227,94543,SceneSwitch,30,30,pcs,,https://res.cloudinary.com/jxqapzzv/image/upload/v1787629369/pngkey.com-under-construction-comingsoon.png
,59451 MESON 105 9W 30K/65K WH SQ recessed,Philips,PHILIPS LED,Downlight LED,140910,112728,3000k/6500k,12,12,pcs,,https://res.cloudinary.com/jxqapzzv/image/upload/v1787629369/pngkey.com-under-construction-comingsoon.png
,59465 MESON 125 13W 30K/65K WH SQ recessed,Philips,PHILIPS LED,Downlight LED,165165,132132,3000k/6500k,12,12,pcs,,https://res.cloudinary.com/jxqapzzv/image/upload/v1787629369/pngkey.com-under-construction-comingsoon.png
,59467 MESON 150 17W 30K/65K WH SQ recessed,Philips,PHILIPS LED,Downlight LED,189420,151536,3000k/6500k,12,12,pcs,,https://res.cloudinary.com/jxqapzzv/image/upload/v1787629369/pngkey.com-under-construction-comingsoon.png
,59472 MESON 150 17W 30K/65K WH S recessed,Philips,PHILIPS LED,Downlight LED,189420,151536,3000k/6500k,12,12,pcs,,https://res.cloudinary.com/jxqapzzv/image/upload/v1787629369/pngkey.com-under-construction-comingsoon.png
,59474 MESON 200 24W 30K/65K WH S recessed,Philips,PHILIPS LED,Downlight LED,255255,204204,3000k/6500k,12,12,pcs,,https://res.cloudinary.com/jxqapzzv/image/upload/v1787629369/pngkey.com-under-construction-comingsoon.png
,MESON SSW 105 9W WH recessed,Philips,PHILIPS LED,Downlight LED,109148,92775,SceneSwitch,12,12,pcs,,https://res.cloudinary.com/jxqapzzv/image/upload/v1787629369/pngkey.com-under-construction-comingsoon.png
,MESON SSW 125 13W WH recessed,Philips,PHILIPS LED,Downlight LED,127339,108239,SceneSwitch,12,12,pcs,,https://res.cloudinary.com/jxqapzzv/image/upload/v1787629369/pngkey.com-under-construction-comingsoon.png
,MESON SSW 150 17W WH recessed,Philips,PHILIPS LED,Downlight LED,145530,123701,SceneSwitch,12,12,pcs,,https://res.cloudinary.com/jxqapzzv/image/upload/v1787629369/pngkey.com-under-construction-comingsoon.png
,Wi-Fi BLE 8W/60W A60 E27 827-65 TW 1CT/6,Philips,PHILIPS LED,Wifi LED,170009,,Tunable White,6,6,pcs,,https://res.cloudinary.com/jxqapzzv/image/upload/v1787629369/pngkey.com-under-construction-comingsoon.png
,Wi-Fi BLE 8.5/60W E27 822-65 RGB 1CT/6,Philips,PHILIPS LED,Wifi LED,250249,,RGB,6,6,pcs,,https://res.cloudinary.com/jxqapzzv/image/upload/v1787629369/pngkey.com-under-construction-comingsoon.png
,Wi-Fi BLE 8.5/60W E27 822-65 RGB 2CT/6,Philips,PHILIPS LED,Wifi LED,385654,,RGB,6,6,pcs,,https://res.cloudinary.com/jxqapzzv/image/upload/v1787629369/pngkey.com-under-construction-comingsoon.png
,Wi-Fi BLE 13W/100W E27 927-65 TW 1CT/6,Philips,PHILIPS LED,Wifi LED,244231,,Tunable White,6,6,pcs,,https://res.cloudinary.com/jxqapzzv/image/upload/v1787629369/pngkey.com-under-construction-comingsoon.png
,Wi-Fi BLE 13W/100W E27 922-65 RGB 1CT/6,Philips,PHILIPS LED,Wifi LED,358071,,RGB,6,6,pcs,,https://res.cloudinary.com/jxqapzzv/image/upload/v1787629369/pngkey.com-under-construction-comingsoon.png
,DLStick 5.5W E27 3000K/4000K/6500K 1PF/12 APR,Philips,PHILIPS LED,LED Stick,51975,46778,3000k/4000k/6500k,12,12,pcs,,https://res.cloudinary.com/jxqapzzv/image/upload/v1787629369/pngkey.com-under-construction-comingsoon.png
,DLStick 7.5W E27 3000K/4000K/6500K 1PF/12 APR,Philips,PHILIPS LED,LED Stick,57750,51975,3000k/4000k/6500k,12,12,pcs,,https://res.cloudinary.com/jxqapzzv/image/upload/v1787629369/pngkey.com-under-construction-comingsoon.png
,DLStick 9.5W E27 3000K/4000K/6500K 1PF/12 APR,Philips,PHILIPS LED,LED Stick,65835,59252,3000k/4000k/6500k,12,12,pcs,,https://res.cloudinary.com/jxqapzzv/image/upload/v1787629369/pngkey.com-under-construction-comingsoon.png
,LEDBright 9W E27 3000K/6500K 230V 1CT/12 INDO,Philips,PHILIPS LED,LEDBright,74498,67048,3000k/6500k,12,12,pcs,,https://res.cloudinary.com/jxqapzzv/image/upload/v1787629369/pngkey.com-under-construction-comingsoon.png
,LEDBright 11W E27 3000K/6500K 230V 1CT/12 INDO,Philips,PHILIPS LED,LEDBright,84315,75884,3000k/6500k,12,12,pcs,,https://res.cloudinary.com/jxqapzzv/image/upload/v1787629369/pngkey.com-under-construction-comingsoon.png
,LEDBright 13W E27 3000K/6500K 230V 1CT/12 INDO,Philips,PHILIPS LED,LEDBright,94133,84719,3000k/6500k,12,12,pcs,,https://res.cloudinary.com/jxqapzzv/image/upload/v1787629369/pngkey.com-under-construction-comingsoon.png
,LEDBright 15W E27 3000K/6500K 230V 1CT/12 INDO G2,Philips,PHILIPS LED,LEDBright,103950,93555,3000k/6500k,12,12,pcs,,https://res.cloudinary.com/jxqapzzv/image/upload/v1787629369/pngkey.com-under-construction-comingsoon.png
,LEDBright 17W E27 3000K/6500K 230V 1CT/12 INDO G2,Philips,PHILIPS LED,LEDBright,128205,115385,3000k/6500k,12,12,pcs,,https://res.cloudinary.com/jxqapzzv/image/upload/v1787629369/pngkey.com-under-construction-comingsoon.png
,[PACK] LEDBright 9W E27 6500K 230V 3CT/4 ID,Philips,PHILIPS LED,LEDBright,148995,134096,6500k,4,4,Set(@4pcs) ,,https://res.cloudinary.com/jxqapzzv/image/upload/v1787629369/pngkey.com-under-construction-comingsoon.png
,[PACK] LEDBright 11W E27 6500K 230V 3CT/4 ID,Philips,PHILIPS LED,LEDBright,168630,151767,6500k,4,4,Set(@4pcs) ,,https://res.cloudinary.com/jxqapzzv/image/upload/v1787629369/pngkey.com-under-construction-comingsoon.png
,[PACK] LEDBright 13W E27 6500K 230V 3CT/4 ID,Philips,PHILIPS LED,LEDBright,187688,168919,6500k,4,4,Set(@4pcs) ,,https://res.cloudinary.com/jxqapzzv/image/upload/v1787629369/pngkey.com-under-construction-comingsoon.png